＠,＠,＠,Lv10で進化,＠,＠,合計Lv30で進化,＠,＠,＠
日本編第1章「長崎県」クリア後に解放,＠,＠,Lv10で進化,＠,＠,合計Lv30で進化,＠,＠,＠
日本編第1章「鹿児島県」クリア後に解放,＠,＠,Lv10で進化,＠,＠,合計Lv30で進化,＠,＠,＠
日本編第1章「大分県」クリア後に解放,＠,＠,Lv10で進化,＠,＠,合計Lv30で進化,＠,＠,＠
日本編第1章「愛媛県」クリア後に解放,＠,＠,Lv10で進化,＠,＠,合計Lv30で進化,＠,＠,＠
日本編第1章「山口県」クリア後に解放,＠,＠,Lv10で進化,＠,＠,合計Lv30で進化,＠,＠,＠
日本編第1章「鳥取県」クリア後に解放,＠,＠,Lv10で進化,＠,＠,合計Lv30で進化,＠,＠,＠
日本編第1章「京都府」クリア後に解放,＠,＠,Lv10で進化,＠,＠,合計Lv30で進化,＠,＠,＠
日本編第1章「福井県」クリア後に解放,＠,＠,Lv10で進化,＠,＠,合計Lv30で進化,＠,＠,＠
日本編第2章「福岡県」クリア後,ネコカンで購入すると入手可能,＠,Lv10で進化,＠,＠,開眼イベントステージ,「開眼の女優襲来！」でドロップ後,Lv20で進化,＠
日本編第1章「埼玉県」クリア後,ネコカンで購入すると入手可能,＠,Lv10で進化,＠,＠,開眼イベントステージ,「開眼のカンフー襲来！」でドロップ後,Lv20で進化,＠
日本編第2章「香川県」クリア後,ネコカンで購入すると入手可能,＠,Lv10で進化,＠,＠,開眼イベントステージ,「開眼のMr.襲来！」でドロップ後,Lv20で進化,＠
日本編第1章「静岡県」クリア後,ネコカンで購入すると入手可能,＠,Lv10で進化,＠,＠,開眼イベントステージ,「開眼の猫縛り襲来！」でドロップ後,Lv20で進化,＠
日本編第1章「新潟県」クリア後,ネコカンで購入すると入手可能,＠,Lv10で進化,＠,＠,開眼イベントステージ,「開眼の女王襲来！」でドロップ後,Lv20で進化,＠
日本編第1章「京都府」クリア後,ネコカンで購入すると入手可能,＠,Lv10で進化,＠,＠,開眼イベントステージ,「開眼の箱詰め襲来！」でドロップ後,Lv20で進化,＠
日本編第2章「東京都」クリア後,ネコカンで購入すると入手可能,＠,Lv10で進化,＠,＠,開眼イベントステージ,「開眼のパンツ襲来！」でドロップ後,Lv20で進化,＠
日本編第1章「西表島」クリア後に解放,＠,＠,Lv10で進化,＠,＠,＠,＠,＠,＠
30日間ログインスタンプ達成で入手可能,＠,＠,Lv10で進化,＠,＠,開眼イベントステージ,「開眼のリンリン襲来！」でドロップ後,Lv20で進化,＠
日本編第1章「大分県」クリア後,ネコカンで購入すると入手可能,＠,Lv10で進化,＠,＠,開眼イベントステージ,「開眼の忍者襲来！」でドロップ後,Lv20で進化,＠
日本編第1章「鳥取県」クリア後,ネコカンで購入すると入手可能,＠,Lv10で進化,＠,＠,開眼イベントステージ,「開眼のゾンビ襲来！」でドロップ後,Lv20で進化,＠
日本編第1章「山口県」クリア後,ネコカンで購入すると入手可能,＠,Lv10で進化,＠,＠,開眼イベントステージ,「開眼のさむらい襲来！」でドロップ後,Lv20で進化,＠
日本編第1章「愛媛県」クリア後,ネコカンで購入すると入手可能,＠,Lv10で進化,＠,＠,開眼イベントステージ,「開眼のスモウ襲来！」でドロップ後,Lv20で進化,＠
日本編第1章「福井県」クリア後,ネコカンで購入すると入手可能,＠,Lv10で進化,＠,＠,開眼イベントステージ,「開眼のフィーバー襲来！」でドロップ後,Lv20で進化,＠
日本編第2章「滋賀県」クリア後,ネコカンで購入すると入手可能,＠,Lv10で進化,＠,＠,開眼イベントステージ,「開眼のスカート襲来！」でドロップ後,Lv20で進化,＠
日本編第2章「西表島」クリア後に解放,＠,＠,Lv10で進化,＠,＠,未来編第2章「月」クリア後,Lv20で進化,＠,＠
日本編第3章「西表島」クリア後に解放,＠,＠,Lv10で進化,＠,＠,未来編第3章「月」クリア後,Lv20で進化,＠,＠
期間限定コラボイベントで入手可能,＠,＠,Lv10で進化,＠,＠,期間限定コラボイベントステージ,「開眼のケリ姫襲来！」でドロップ後,Lv20で進化,＠
期間限定コラボイベントで入手可能,＠,＠,Lv10で進化,＠,＠,＠,＠,＠,＠
外部特典で入手可能,＠,＠,Lv10で進化,＠,＠,＠,＠,＠,＠
外部特典で入手可能,＠,＠,Lv10で進化,＠,＠,＠,＠,＠,＠
レアガチャで入手可能,＠,＠,Lv10で進化,＠,＠,合計Lv30到達後,必要数のXP、マタタビを使用で進化,＠,＠
レアガチャで入手可能,＠,＠,Lv10で進化,＠,＠,合計Lv30到達後,必要数のXP、マタタビを使用で進化,＠,＠
レアガチャで入手可能,＠,＠,Lv10で進化,＠,＠,合計Lv30到達後,必要数のXP、マタタビを使用で進化,＠,＠
レアガチャで入手可能,＠,＠,Lv10で進化,＠,＠,合計Lv30到達後,必要数のXP、マタタビを使用で進化,＠,＠
レアガチャイベント,「伝説のネコルガ族」で入手可能,＠,Lv10で進化,＠,＠,合計Lv30到達後,必要数のXP、マタタビを使用で進化,＠,＠
レアガチャで入手可能,＠,＠,Lv10で進化,＠,＠,合計Lv30到達後,必要数のXP、マタタビを使用で進化,＠,＠
レアガチャで入手可能,＠,＠,Lv10で進化,＠,＠,合計Lv30到達後,必要数のXP、マタタビを使用で進化,＠,＠
レアガチャで入手可能,＠,＠,Lv10で進化,＠,＠,合計Lv30到達後,必要数のXP、マタタビを使用で進化,＠,＠
レアガチャで入手可能,＠,＠,Lv10で進化,＠,＠,合計Lv30到達後,必要数のXP、マタタビを使用で進化,＠,＠
レアガチャで入手可能,＠,＠,Lv10で進化,＠,＠,合計Lv30到達後,必要数のXP、マタタビを使用で進化,＠,＠
レアガチャで入手可能,＠,＠,Lv10で進化,＠,＠,合計Lv30到達後,必要数のXP、マタタビを使用で進化,＠,＠
レアガチャで入手可能,＠,＠,Lv10で進化,＠,＠,合計Lv30到達後,必要数のXP、マタタビを使用で進化,＠,＠
レアガチャイベント,「超激ダイナマイツ」で入手可能,＠,Lv10で進化,＠,＠,合計Lv30到達後,必要数のXP、マタタビを使用で進化,＠,＠
レアガチャイベント,「超激ダイナマイツ」で入手可能,＠,Lv10で進化,＠,＠,合計Lv30到達後,必要数のXP、マタタビを使用で進化,＠,＠
レアガチャイベント,「超激ダイナマイツ」で入手可能,＠,Lv10で進化,＠,＠,合計Lv30到達後,必要数のXP、マタタビを使用で進化,＠,＠
外部特典で入手可能,＠,＠,Lv10で進化,＠,＠,＠,＠,＠,＠
レアガチャで入手可能,＠,＠,Lv10で進化,＠,＠,合計Lv30到達後,必要数のXP、マタタビを使用で進化,＠,＠
レアガチャで入手可能,＠,＠,Lv10で進化,＠,＠,合計Lv30到達後,必要数のXP、マタタビを使用で進化,＠,＠
レアガチャで入手可能,＠,＠,Lv10で進化,＠,＠,合計Lv30到達後,必要数のXP、マタタビを使用で進化,＠,＠
レアガチャで入手可能,＠,＠,Lv10で進化,＠,＠,合計Lv30到達後,必要数のXP、マタタビを使用で進化,＠,＠
レアガチャで入手可能,＠,＠,Lv10で進化,＠,＠,合計Lv30到達後,必要数のXP、マタタビを使用で進化,＠,＠
レアガチャで入手可能,＠,＠,Lv10で進化,＠,＠,合計Lv30到達後,必要数のXP、マタタビを使用で進化,＠,＠
レアガチャで入手可能,＠,＠,Lv10で進化,＠,＠,合計Lv30到達後,必要数のXP、マタタビを使用で進化,＠,＠
外部特典で入手可能,＠,＠,Lv10で進化,＠,＠,＠,＠,＠,＠
期間限定コラボイベントで入手可能,＠,＠,Lv10で進化,＠,＠,＠,＠,＠,＠
レアガチャで入手可能,＠,＠,Lv10で進化,＠,＠,合計Lv30到達後,必要数のXP、マタタビを使用で進化,＠,＠
レアガチャで入手可能,＠,＠,Lv10で進化,＠,＠,合計Lv30到達後,必要数のXP、マタタビを使用で進化,＠,＠
レアガチャイベント,「超激ダイナマイツ」で入手可能,＠,Lv10で進化,＠,＠,合計Lv30到達後,必要数のXP、マタタビを使用で進化,＠,＠
レアガチャで入手可能,＠,＠,Lv10で進化,＠,＠,合計Lv30到達後,必要数のXP、マタタビを使用で進化,＠,＠
レアガチャイベント,「超激ダイナマイツ」で入手可能,＠,Lv10で進化,＠,＠,合計Lv30到達後,必要数のXP、マタタビを使用で進化,＠,＠
イベントステージ,「ダークネスヘブン」で入手可能,＠,Lv10で進化,＠,＠,イベントステージ,「絶・ダークネスヘブン」でドロップ後,Lv20で進化,＠
レアガチャで入手可能,＠,＠,Lv10で進化,＠,＠,合計Lv30到達後,必要数のXP、マタタビを使用で進化,＠,＠
外部特典で入手可能,＠,＠,Lv10で進化,＠,＠,＠,＠,＠,＠
10月イベントステージ,「秋だよ運動会！」で入手可能,＠,Lv10で進化,＠,＠,開眼イベントステージ,「開眼のネコ運動会襲来！」でドロップ後,Lv20で進化,＠
期間限定コラボイベントで入手可能,＠,＠,Lv10で進化,＠,＠,＠,＠,＠,＠
期間限定コラボイベントで入手可能,＠,＠,Lv10で進化,＠,＠,＠,＠,＠,＠
期間限定コラボイベントで入手可能,＠,＠,Lv10で進化,＠,＠,合計Lv30到達後,必要数のXP、マタタビを使用で進化,＠,＠
期間限定コラボイベントで入手可能,＠,＠,Lv10で進化,＠,＠,＠,＠,＠,＠
期間限定コラボイベントで入手可能,＠,＠,Lv10で進化,＠,＠,合計Lv30到達後,必要数のXP、マタタビを使用で進化,＠,＠
期間限定コラボイベントステージ,「魅惑のプリンセス」で入手可能,＠,Lv10で進化,＠,＠,期間限定コラボイベントステージ,「開眼の眠れるケリの美女襲来！」でドロップ後,Lv20で進化,＠
11月イベントステージ,「勤労感謝スペシャル！」で入手可能,＠,Lv10で進化,＠,＠,開眼イベントステージ,「開眼のネコリーマン襲来！」でドロップ後,Lv20で進化,＠
レアガチャイベント,「戦国武神バサラーズ」で入手可能,＠,Lv10で進化,＠,＠,合計Lv30到達後,必要数のXP、マタタビを使用で進化,＠,＠
レアガチャイベント,「戦国武神バサラーズ」で入手可能,＠,Lv10で進化,＠,＠,合計Lv30到達後,必要数のXP、マタタビを使用で進化,＠,＠
レアガチャイベント,「戦国武神バサラーズ」で入手可能,＠,Lv10で進化,＠,＠,合計Lv30到達後,必要数のXP、マタタビを使用で進化,＠,＠
12月イベントステージ,「なんとクリスマスが来た！」で入手可能,＠,Lv10で進化,＠,＠,開眼イベントステージ,「開眼のトナカイフィッシュ襲来！」でドロップ後,Lv20で進化,＠
レアガチャイベント,「電脳学園ギャラクシーギャルズ」で入手可能,＠,Lv10で進化,＠,＠,合計Lv30到達後,必要数のXP、マタタビを使用で進化,＠,＠
レアガチャイベント,「電脳学園ギャラクシーギャルズ」で入手可能,＠,Lv10で進化,＠,＠,合計Lv30到達後,必要数のXP、マタタビを使用で進化,＠,＠
期間限定コラボイベントで入手可能,＠,＠,Lv10で進化,＠,＠,期間限定コラボイベントステージ,「開眼のドロイド！」でドロップ後,Lv20で進化,＠
イベントステージ,「紅のカタストロフ」で入手可能,＠,Lv10で進化,＠,＠,イベントステージ,「絶・紅のカタストロフ」でドロップ後,Lv20で進化,＠
1月イベントステージ,「新年、あけました！おめっ…」で入手可能,＠,Lv10で進化,＠,＠,開眼イベントステージ,「開眼のにゃんこ成人襲来！」でドロップ後,Lv20で進化,＠
2月イベントステージ,「召喚された福！」で入手可能,＠,Lv10で進化,＠,＠,開眼イベントステージ,「開眼の我輩は鬼である襲来！」でドロップ後,Lv20で進化,＠
3月イベントステージ,「雛壇の戦士達」で入手可能,＠,Lv10で進化,＠,＠,開眼イベントステージ,「開眼のひなにゃんこ襲来！」でドロップ後,Lv20で進化,＠
外部特典で入手可能,＠,＠,Lv10で進化,＠,＠,＠,＠,＠,＠
レアガチャイベント,「超破壊大帝ドラゴンエンペラーズ」で入手可能,＠,Lv10で進化,＠,＠,合計Lv30到達後,必要数のXP、マタタビを使用で進化,＠,＠
レアガチャイベント,「超破壊大帝ドラゴンエンペラーズ」で入手可能,＠,Lv10で進化,＠,＠,合計Lv30到達後,必要数のXP、マタタビを使用で進化,＠,＠
レアガチャイベント,「超破壊大帝ドラゴンエンペラーズ」で入手可能,＠,Lv10で進化,＠,＠,合計Lv30到達後,必要数のXP、マタタビを使用で進化,＠,＠
レアガチャイベント,「超破壊大帝ドラゴンエンペラーズ」で入手可能,＠,Lv10で進化,＠,＠,合計Lv30到達後,必要数のXP、マタタビを使用で進化,＠,＠
レアガチャイベント,「超破壊大帝ドラゴンエンペラーズ」で入手可能,＠,Lv10で進化,＠,＠,合計Lv30到達後,必要数のXP、マタタビを使用で進化,＠,＠
イベントステージ,「国士無双」で入手可能,＠,Lv10で進化,＠,＠,イベントステージ,「絶・国士無双」でドロップ後,Lv20で進化,＠
期間限定コラボイベントで入手可能,＠,＠,Lv10で進化,＠,＠,＠,＠,＠,＠
期間限定コラボイベントで入手可能,＠,＠,Lv10で進化,＠,＠,＠,＠,＠,＠
イベントステージ,「狂乱のネコ降臨」で入手可能,＠,Lv10で進化,＠,＠,大狂乱イベントステージ,「大狂乱のネコ降臨」でドロップ後,Lv20で進化,＠
イベントステージ,「狂乱のタンク降臨」で入手可能,＠,Lv10で進化,＠,＠,大狂乱イベントステージ,「大狂乱のタンクネコ降臨」でドロップ後,Lv20で進化,＠
イベントステージ,「狂乱のバトル降臨」で入手可能,＠,Lv10で進化,＠,＠,大狂乱イベントステージ,「大狂乱のバトルネコ降臨」でドロップ後,Lv20で進化,＠
イベントステージ,「狂乱のキモネコ降臨」で入手可能,＠,Lv10で進化,＠,＠,大狂乱イベントステージ,「大狂乱のキモネコ降臨」でドロップ後,Lv20で進化,＠
イベントステージ,「狂乱のウシ降臨」で入手可能,＠,Lv10で進化,＠,＠,大狂乱イベントステージ,「大狂乱のウシネコ降臨」でドロップ後,Lv20で進化,＠
イベントステージ,「狂乱のトリ降臨」で入手可能,＠,Lv10で進化,＠,＠,大狂乱イベントステージ,「大狂乱のネコノトリ降臨」でドロップ後,Lv20で進化,＠
イベントステージ,「狂乱のフィッシュ降臨」で入手可能,＠,Lv10で進化,＠,＠,大狂乱イベントステージ,「大狂乱のネコフィッシュ降臨」でドロップ後,Lv20で進化,＠
イベントステージ,「狂乱のトカゲ降臨」で入手可能,＠,Lv10で進化,＠,＠,大狂乱イベントステージ,「大狂乱のネコトカゲ降臨」でドロップ後,Lv20で進化,＠
イベントステージ,「狂乱の巨神降臨」で入手可能,＠,Lv10で進化,＠,＠,大狂乱イベントステージ,「大狂乱の巨神ネコ降臨」でドロップ後,Lv20で進化,＠
4月イベントステージ,「春だよ！高校教師」で入手可能,＠,Lv10で進化,＠,＠,開眼イベントステージ,「開眼のネコ乙女襲来！」でドロップ後,Lv20で進化,＠
期間限定コラボイベントで入手可能,＠,＠,Lv10で進化,＠,＠,＠,＠,＠,＠
期間限定コラボイベントで入手可能,＠,＠,Lv10で進化,＠,＠,＠,＠,＠,＠
期間限定コラボイベントで入手可能,＠,＠,Lv10で進化,＠,＠,期間限定コラボイベントステージ,「開眼の歌謡にゃんこ襲来！」でドロップ後,Lv20で進化,＠
5月イベントステージ,「コイの五月病」で入手可能,＠,Lv10で進化,＠,＠,開眼イベントステージ,「開眼のマジでコイしてる襲来！」でドロップ後,Lv20で進化,＠
レアガチャイベント,「電脳学園ギャラクシーギャルズ」で入手可能,＠,Lv10で進化,＠,＠,合計Lv30到達後,必要数のXP、マタタビを使用で進化,＠,＠
レアガチャイベント,「電脳学園ギャラクシーギャルズ」で入手可能,＠,Lv10で進化,＠,＠,合計Lv30到達後,必要数のXP、マタタビを使用で進化,＠,＠
レアガチャイベント,「電脳学園ギャラクシーギャルズ」で入手可能,＠,Lv10で進化,＠,＠,合計Lv30到達後,必要数のXP、マタタビを使用で進化,＠,＠
外部特典で入手可能,＠,＠,Lv10で進化,＠,＠,＠,＠,＠,＠
6月イベントステージ,「禁断の花嫁」で入手可能,＠,Lv10で進化,＠,＠,開眼イベントステージ,「開眼のマダム・ザ・花嫁襲来！」でドロップ後,Lv20で進化,＠
期間限定コラボイベントで入手可能,＠,＠,Lv10で進化,＠,＠,＠,＠,＠,＠
期間限定コラボイベントで入手可能,＠,＠,Lv10で進化,＠,＠,＠,＠,＠,＠
期間限定コラボイベントで入手可能,＠,＠,Lv10で進化,＠,＠,＠,＠,＠,＠
期間限定コラボイベントで入手可能,＠,＠,Lv10で進化,＠,＠,＠,＠,＠,＠
期間限定コラボイベントで入手可能,＠,＠,Lv10で進化,＠,＠,＠,＠,＠,＠
期間限定コラボイベントで入手可能,＠,＠,Lv10で進化,＠,＠,＠,＠,＠,＠
期間限定コラボイベントで入手可能,＠,＠,Lv10で進化,＠,＠,＠,＠,＠,＠
期間限定コラボイベントで入手可能,＠,＠,Lv10で進化,＠,＠,＠,＠,＠,＠
期間限定コラボイベントで入手可能,＠,＠,Lv10で進化,＠,＠,＠,＠,＠,＠
期間限定コラボイベントで入手可能,＠,＠,Lv10で進化,＠,＠,＠,＠,＠,＠
期間限定コラボイベントで入手可能,＠,＠,Lv10で進化,＠,＠,期間限定コラボイベントステージ,「開眼の癒術士襲来！」でドロップ後,Lv20で進化,＠
期間限定コラボイベントで入手可能,＠,＠,Lv10で進化,＠,＠,期間限定コラボイベントステージ,「開眼のメルク襲来！」でドロップ後,Lv20で進化,＠
7月イベントステージ,「だって夏じゃニャーイ！」で入手可能,＠,Lv10で進化,＠,＠,開眼イベントステージ,「開眼の女王様の休日襲来！」でドロップ後,Lv20で進化,＠
日本編第１章「滋賀県」クリア後に解放,＠,＠,Lv10で進化,＠,＠,＠,＠,＠,＠
レアガチャイベント,「戦国武神バサラーズ」で入手可能,＠,Lv10で進化,＠,＠,合計Lv30到達後,必要数のXP、マタタビを使用で進化,＠,＠
レアガチャイベント,「戦国武神バサラーズ」で入手可能,＠,Lv10で進化,＠,＠,合計Lv30到達後,必要数のXP、マタタビを使用で進化,＠,＠
イベントステージ,「天罰」で入手可能,＠,Lv10で進化,＠,＠,イベントステージ,「絶・天罰」でドロップ後,Lv20で進化,＠
？？？,＠,＠,Lv10で進化,＠,＠,？？？,＠,＠,＠
8月イベントステージ,「あの世からの帰省ラッシュ！」で入手可能,＠,Lv10で進化,＠,＠,開眼イベントステージ,「開眼のうらめしにゃん襲来！」でドロップ後,Lv20で進化,＠
期間限定レアガチャイベントで入手可能,＠,＠,Lv10で進化,＠,＠,＠,＠,＠,＠
レジェンドステージ,「脱獄トンネル」最終ステージクリアで,入手可能,Lv10で進化,＠,＠,？？？,＠,＠,＠
期間限定レアガチャイベントで入手可能,＠,＠,Lv10で進化,＠,＠,＠,＠,＠,＠
9月イベントステージ,「町でみたすごい老人」で入手可能,＠,Lv10で進化,＠,＠,開眼イベントステージ,「開眼のカンフーにゃんこG襲来！」でドロップ後,Lv20で進化,＠
期間限定コラボイベントステージ,「ヒカキン降臨」で入手可能,＠,Lv10で進化,＠,＠,期間限定コラボイベントステージ,「開眼のヒカキン襲来！」でドロップ後,Lv20で進化,＠
レアガチャイベント,「超古代勇者ウルトラソウルズ」で入手可能,＠,Lv10で進化,＠,＠,合計Lv30到達後,必要数のXP、マタタビを使用で進化,＠,＠
レアガチャイベント,「超古代勇者ウルトラソウルズ」で入手可能,＠,Lv10で進化,＠,＠,合計Lv30到達後,必要数のXP、マタタビを使用で進化,＠,＠
レアガチャイベント,「超古代勇者ウルトラソウルズ」で入手可能,＠,Lv10で進化,＠,＠,合計Lv30到達後,必要数のXP、マタタビを使用で進化,＠,＠
レアガチャイベント,「超古代勇者ウルトラソウルズ」で入手可能,＠,Lv10で進化,＠,＠,合計Lv30到達後,必要数のXP、マタタビを使用で進化,＠,＠
レアガチャイベント,「超古代勇者ウルトラソウルズ」で入手可能,＠,Lv10で進化,＠,＠,合計Lv30到達後,必要数のXP、マタタビを使用で進化,＠,＠
期間限定イベントステージ,「韓国版特別ステージ」,で入手可能,Lv10で進化,＠,＠,開眼イベントステージ,「開眼のネコンドー襲来！」でドロップ後,Lv20で進化,＠
外部特典で入手可能,＠,＠,Lv10で進化,＠,＠,＠,＠,＠,＠
外部特典で入手可能,＠,＠,Lv10で進化,＠,＠,＠,＠,＠,＠
外部特典で入手可能,＠,＠,Lv10で進化,＠,＠,＠,＠,＠,＠
レアガチャイベント,「超激ダイナマイツ」で入手可能,＠,Lv10で進化,＠,＠,合計Lv30到達後,必要数のXP、マタタビを使用で進化,＠,＠
期間限定レアガチャイベントで入手可能,＠,＠,Lv10で進化,＠,＠,合計Lv30到達後,必要数のXP、マタタビを使用で進化,＠,＠
レアガチャで入手可能,＠,＠,Lv10で進化,＠,＠,合計Lv30到達後,必要数のXP、マタタビを使用で進化,＠,＠
レアガチャで入手可能,＠,＠,Lv10で進化,＠,＠,合計Lv30到達後,必要数のXP、マタタビを使用で進化,＠,＠
レアガチャで入手可能,＠,＠,Lv10で進化,＠,＠,合計Lv30到達後,必要数のXP、マタタビを使用で進化,＠,＠
レアガチャで入手可能,＠,＠,Lv10で進化,＠,＠,合計Lv30到達後,必要数のXP、マタタビを使用で進化,＠,＠
レアガチャで入手可能,＠,＠,Lv10で進化,＠,＠,合計Lv30到達後,必要数のXP、マタタビを使用で進化,＠,＠
レアガチャで入手可能,＠,＠,Lv10で進化,＠,＠,合計Lv30到達後,必要数のXP、マタタビを使用で進化,＠,＠
レアガチャで入手可能,＠,＠,Lv10で進化,＠,＠,合計Lv30到達後,必要数のXP、マタタビを使用で進化,＠,＠
レアガチャで入手可能,＠,＠,Lv10で進化,＠,＠,合計Lv30到達後,必要数のXP、マタタビを使用で進化,＠,＠
レアガチャで入手可能,＠,＠,Lv10で進化,＠,＠,合計Lv30到達後,必要数のXP、マタタビを使用で進化,＠,＠
イベントステージ,「鉄子の部屋」で入手可能,＠,Lv10で進化,＠,＠,イベントステージ,「絶・鉄子の部屋」でドロップ後,Lv20で進化,＠
＠,＠,＠,Lv10で進化,＠,＠,＠,＠,＠,＠
期間限定コラボイベントで入手可能,＠,＠,Lv10で進化,＠,＠,＠,＠,＠,＠
期間限定コラボイベントで入手可能,＠,＠,Lv10で進化,＠,＠,＠,＠,＠,＠
レアガチャイベント,「戦国武神バサラーズ」で入手可能,＠,Lv10で進化,＠,＠,合計Lv30到達後,必要数のXP、マタタビを使用で進化,＠,＠
レアガチャイベント,「電脳学園ギャラクシーギャルズ」で入手可能,＠,Lv10で進化,＠,＠,合計Lv30到達後,必要数のXP、マタタビを使用で進化,＠,＠
期間限定コラボイベントで入手可能,＠,＠,Lv10で進化,＠,＠,合計Lv30到達後,必要数のXP、マタタビを使用で進化,＠,＠
期間限定コラボイベントで入手可能,＠,＠,Lv10で進化,＠,＠,合計Lv30到達後,必要数のXP、マタタビを使用で進化,＠,＠
外部特典で入手可能,＠,＠,Lv10で進化,＠,＠,＠,＠,＠,＠
外部特典で入手可能,＠,＠,Lv10で進化,＠,＠,＠,＠,＠,＠
外部特典で入手可能,＠,＠,Lv10で進化,＠,＠,＠,＠,＠,＠
外部特典で入手可能,＠,＠,Lv10で進化,＠,＠,＠,＠,＠,＠
外部特典で入手可能,＠,＠,Lv10で進化,＠,＠,＠,＠,＠,＠
期間限定コラボイベントで入手可能,＠,＠,Lv10で進化,＠,＠,＠,＠,＠,＠
レアガチャイベント,「伝説のネコルガ族」で入手可能,＠,Lv10で進化,＠,＠,合計Lv30到達後,必要数のXP、マタタビを使用で進化,＠,＠
レアガチャイベント,「伝説のネコルガ族」で入手可能,＠,Lv10で進化,＠,＠,合計Lv30到達後,必要数のXP、マタタビを使用で進化,＠,＠
レアガチャイベント,「伝説のネコルガ族」で入手可能,＠,Lv10で進化,＠,＠,合計Lv30到達後,必要数のXP、マタタビを使用で進化,＠,＠
レアガチャイベント,「伝説のネコルガ族」で入手可能,＠,Lv10で進化,＠,＠,合計Lv30到達後,必要数のXP、マタタビを使用で進化,＠,＠
レジェンドステージ,「終わりを告げる夜」最終ステージクリアで,入手可能,Lv10で進化,＠,＠,？？？,＠,＠,＠
期間限定コラボイベントで入手可能,＠,＠,Lv10で進化,＠,＠,合計Lv30到達後,必要数のXP、マタタビを使用で進化,＠,＠
期間限定コラボイベントで入手可能,＠,＠,Lv10で進化,＠,＠,合計Lv30到達後,必要数のXP、マタタビを使用で進化,＠,＠
期間限定コラボイベントで入手可能,＠,＠,Lv10で進化,＠,＠,＠,＠,＠,＠
期間限定イベントステージ,「バレンタイン VS ホワイトデー大戦争」,で入手可能,Lv10で進化,＠,＠,＠,＠,＠,＠
レアガチャイベント,「超破壊大帝ドラゴンエンペラーズ」で入手可能,＠,Lv10で進化,＠,＠,合計Lv30到達後,必要数のXP、マタタビを使用で進化,＠,＠
外部特典で入手可能,＠,＠,Lv10で進化,＠,＠,＠,＠,＠,＠
期間限定コラボイベントステージ,「消滅都市～ロストへ～」で入手可能,＠,Lv10で進化,＠,＠,期間限定コラボイベントステージ,「開眼のタクヤとユキ」でドロップ後,Lv20で進化,＠
期間限定コラボイベントで入手可能,＠,＠,Lv10で進化,＠,＠,合計Lv30到達後,必要数のXP、マタタビを使用で進化,＠,＠
期間限定コラボイベントで入手可能,＠,＠,Lv10で進化,＠,＠,＠,＠,＠,＠
外部特典で入手可能,＠,＠,Lv10で進化,＠,＠,＠,＠,＠,＠
期間限定イベントステージ,「とびだす！にゃんこ大戦争」で入手可能,＠,Lv10で進化,＠,＠,開眼イベントステージ,「開眼のにゃんこカート襲来！」でドロップ後,Lv20で進化,＠
期間限定コラボイベントで入手可能,＠,＠,Lv10で進化,＠,＠,＠,＠,＠,＠
期間限定コラボイベントで入手可能,＠,＠,Lv10で進化,＠,＠,合計Lv30到達後,必要数のXP、マタタビを使用で進化,＠,＠
期間限定コラボイベントで入手可能,＠,＠,Lv10で進化,＠,＠,＠,＠,＠,＠
期間限定コラボイベントで入手可能,＠,＠,Lv10で進化,＠,＠,合計Lv30到達後,必要数のXP、マタタビを使用で進化,＠,＠
期間限定コラボイベントで入手可能,＠,＠,Lv10で進化,＠,＠,＠,＠,＠,＠
期間限定コラボイベントで入手可能,＠,＠,Lv10で進化,＠,＠,＠,＠,＠,＠
期間限定コラボイベントで入手可能,＠,＠,Lv10で進化,＠,＠,＠,＠,＠,＠
期間限定コラボイベントで入手可能,＠,＠,Lv10で進化,＠,＠,期間限定コラボイベントステージ,「開眼のティティ襲来！」でドロップ後,Lv20で進化,＠
外部特典で入手可能,＠,＠,Lv10で進化,＠,＠,＠,＠,＠,＠
外部特典で入手可能,＠,＠,Lv10で進化,＠,＠,＠,＠,＠,＠
レアガチャイベント,「逆襲の英雄ダークヒーローズ」で入手可能,＠,Lv10で進化,＠,＠,合計Lv30到達後,必要数のXP、マタタビを使用で進化,＠,＠
レアガチャイベント,「逆襲の英雄ダークヒーローズ」で入手可能,＠,Lv10で進化,＠,＠,合計Lv30到達後,必要数のXP、マタタビを使用で進化,＠,＠
レアガチャイベント,「逆襲の英雄ダークヒーローズ」で入手可能,＠,Lv10で進化,＠,＠,合計Lv30到達後,必要数のXP、マタタビを使用で進化,＠,＠
レアガチャで入手可能,＠,＠,Lv10で進化,＠,＠,合計Lv30到達後,必要数のXP、マタタビを使用で進化,＠,＠
レアガチャで入手可能,＠,＠,Lv10で進化,＠,＠,合計Lv30到達後,必要数のXP、マタタビを使用で進化,＠,＠
レアガチャで入手可能,＠,＠,Lv10で進化,＠,＠,合計Lv30到達後,必要数のXP、マタタビを使用で進化,＠,＠
期間限定レアガチャイベントで入手可能,＠,＠,Lv10で進化,＠,＠,＠,＠,＠,＠
イベントステージ,「絶望異次元」で入手可能,＠,Lv10で進化,＠,＠,イベントステージ,「絶・絶望異次元」でドロップ後,Lv20で進化,＠
期間限定イベントステージ,「小籠包★もちもっち襲来」,で入手可能,Lv10で進化,＠,＠,＠,＠,＠,＠
レアガチャイベント,「超古代勇者ウルトラソウルズ」で入手可能,＠,Lv10で進化,＠,＠,合計Lv30到達後,必要数のXP、マタタビを使用で進化,＠,＠
期間限定コラボイベントで入手可能,＠,＠,Lv10で進化,＠,＠,＠,＠,＠,＠
期間限定コラボイベントで入手可能,＠,＠,Lv10で進化,＠,＠,＠,＠,＠,＠
期間限定コラボイベントで入手可能,＠,＠,Lv10で進化,＠,＠,＠,＠,＠,＠
期間限定コラボイベントで入手可能,＠,＠,Lv10で進化,＠,＠,＠,＠,＠,＠
期間限定コラボイベントで入手可能,＠,＠,Lv10で進化,＠,＠,＠,＠,＠,＠
期間限定イベントガチャで入手可能,＠,＠,Lv10で進化,＠,＠,開眼イベントステージ,「開眼のちびネコ襲来！」でドロップ後,Lv20で進化,＠
期間限定イベントガチャで入手可能,＠,＠,Lv10で進化,＠,＠,開眼イベントステージ,「開眼のちびタンクネコ襲来！」でドロップ後,Lv20で進化,＠
期間限定イベントガチャで入手可能,＠,＠,Lv10で進化,＠,＠,開眼イベントステージ,「開眼のちびバトルネコ襲来！」でドロップ後,Lv20で進化,＠
レアガチャイベント,「逆襲の英雄ダークヒーローズ」で入手可能,＠,Lv10で進化,＠,＠,合計Lv30到達後,必要数のXP、マタタビを使用で進化,＠,＠
期間限定イベントステージ,「Faster Than Fast Food」,で入手可能,Lv10で進化,＠,＠,開眼イベントステージ,「開眼の？？？襲来！」でドロップ後,Lv20で進化,＠
期間限定コラボイベントで入手可能,＠,＠,Lv10で進化,＠,＠,＠,＠,＠,＠
期間限定コラボイベントで入手可能,＠,＠,Lv10で進化,＠,＠,＠,＠,＠,＠
期間限定コラボイベントで入手可能,＠,＠,Lv10で進化,＠,＠,＠,＠,＠,＠
期間限定コラボイベントで入手可能,＠,＠,Lv10で進化,＠,＠,＠,＠,＠,＠
期間限定コラボイベントで入手可能,＠,＠,Lv10で進化,＠,＠,＠,＠,＠,＠
期間限定コラボイベントで入手可能,＠,＠,Lv10で進化,＠,＠,＠,＠,＠,＠
期間限定コラボイベントで入手可能,＠,＠,Lv10で進化,＠,＠,＠,＠,＠,＠
期間限定コラボイベントで入手可能,＠,＠,Lv10で進化,＠,＠,＠,＠,＠,＠
期間限定コラボイベントで入手可能,＠,＠,Lv10で進化,＠,＠,＠,＠,＠,＠
期間限定コラボイベントで入手可能,＠,＠,Lv10で進化,＠,＠,＠,＠,＠,＠
期間限定コラボイベントで入手可能,＠,＠,Lv10で進化,＠,＠,＠,＠,＠,＠
期間限定コラボイベントで入手可能,＠,＠,Lv10で進化,＠,＠,＠,＠,＠,＠
レアガチャイベント,「逆襲の英雄ダークヒーローズ」で入手可能,＠,Lv10で進化,＠,＠,合計Lv30到達後,必要数のXP、マタタビを使用で進化,＠,＠
期間限定イベントステージ,「王道ハロウィン到来！」で入手可能,＠,Lv10で進化,＠,＠,＠,＠,＠,＠
期間限定レアガチャイベント,「ハロウィンガチャ」で入手可能,＠,Lv10で進化,＠,＠,＠,＠,＠,＠
期間限定レアガチャイベント,「ハロウィンガチャ」で入手可能,＠,Lv10で進化,＠,＠,＠,＠,＠,＠
期間限定レアガチャイベント,「ハロウィンガチャ」で入手可能,＠,Lv10で進化,＠,＠,＠,＠,＠,＠
期間限定コラボイベントで入手可能,＠,＠,Lv10で進化,＠,＠,＠,＠,＠,＠
期間限定コラボイベントで入手可能,＠,＠,Lv10で進化,＠,＠,＠,＠,＠,＠
期間限定コラボイベントで入手可能,＠,＠,Lv10で進化,＠,＠,＠,＠,＠,＠
期間限定コラボイベントで入手可能,＠,＠,Lv10で進化,＠,＠,＠,＠,＠,＠
期間限定コラボイベントで入手可能,＠,＠,Lv10で進化,＠,＠,＠,＠,＠,＠
期間限定コラボイベントで入手可能,＠,＠,Lv10で進化,＠,＠,＠,＠,＠,＠
期間限定レアガチャイベントで入手可能,＠,＠,Lv10で進化,＠,＠,合計Lv30到達後,必要数のXP、マタタビを使用で進化,＠,＠
期間限定レアガチャイベントで入手可能,＠,＠,Lv10で進化,＠,＠,合計Lv30到達後,必要数のXP、マタタビを使用で進化,＠,＠
期間限定レアガチャイベントで入手可能,＠,＠,Lv10で進化,＠,＠,合計Lv30到達後,必要数のXP、マタタビを使用で進化,＠,＠
レアガチャイベント,「伝説のネコルガ族」で入手可能,＠,Lv10で進化,＠,＠,合計Lv30到達後,必要数のXP、マタタビを使用で進化,＠,＠
期間限定レアガチャイベント,「クリスマスギャルズ」で入手可能,＠,Lv10で進化,＠,＠,＠,＠,＠,＠
期間限定レアガチャイベント,「クリスマスギャルズ」で入手可能,＠,Lv10で進化,＠,＠,＠,＠,＠,＠
期間限定レアガチャイベント,「クリスマスギャルズ」で入手可能,＠,Lv10で進化,＠,＠,＠,＠,＠,＠
期間限定イベントステージ,「赤鼻サンタのプレゼント！」で入手可能,＠,Lv10で進化,＠,＠,＠,＠,＠,＠
期間限定イベントガチャで入手可能,＠,＠,Lv10で進化,＠,＠,開眼イベントステージ,「開眼のちびキモネコ襲来！」でドロップ後,Lv20で進化,＠
期間限定イベントガチャで入手可能,＠,＠,Lv10で進化,＠,＠,開眼イベントステージ,「開眼のちびウシネコ襲来！」でドロップ後,Lv20で進化,＠
期間限定イベントガチャで入手可能,＠,＠,Lv10で進化,＠,＠,開眼イベントステージ,「開眼のちびネコノトリ襲来！」でドロップ後,Lv20で進化,＠
外部特典で入手可能,＠,＠,Lv10で進化,＠,＠,＠,＠,＠,＠
期間限定コラボイベントステージ,「城とドラゴン」で入手可能,＠,Lv10で進化,＠,＠,期間限定コラボイベントステージ,「開眼の城とドラゴン」で特定スコアを達成後,Lv20で進化,＠
期間限定コラボイベントステージ,「城とドラゴン」で入手可能,＠,Lv10で進化,＠,＠,期間限定コラボイベントステージ,「開眼の城とドラゴン」で特定スコアを達成後,Lv20で進化,＠
期間限定コラボイベントステージ,「城とドラゴン」で入手可能,＠,Lv10で進化,＠,＠,期間限定コラボイベントステージ,「開眼の城とドラゴン」で特定スコアを達成後,Lv20で進化,＠
期間限定コラボイベントステージ,「城とドラゴン」で入手可能,＠,Lv10で進化,＠,＠,期間限定コラボイベントステージ,「開眼の城とドラゴン」で特定スコアを達成後,Lv20で進化,＠
期間限定コラボイベントステージ,「城とドラゴン」で入手可能,＠,Lv10で進化,＠,＠,期間限定コラボイベントステージ,「開眼の城とドラゴン」で特定スコアを達成後,Lv20で進化,＠
期間限定コラボイベントステージ,「城とドラゴン」で入手可能,＠,Lv10で進化,＠,＠,期間限定コラボイベントステージ,「開眼の城とドラゴン」で特定スコアを達成後,Lv20で進化,＠
期間限定コラボイベントステージ,「城とドラゴン」で入手可能,＠,Lv10で進化,＠,＠,期間限定コラボイベントステージ,「開眼の城とドラゴン」で特定スコアを達成後,Lv20で進化,＠
期間限定コラボイベントで入手可能,＠,＠,Lv10で進化,＠,＠,期間限定コラボイベントステージ,「開眼の城とドラゴン」で特定スコアを達成後,Lv20で進化,＠
レアガチャイベント,「究極降臨ギガントゼウス」で入手可能,＠,Lv10で進化,＠,＠,合計Lv30到達後,必要数のXP、マタタビを使用で進化,＠,＠
レアガチャイベント,「究極降臨ギガントゼウス」で入手可能,＠,Lv10で進化,＠,＠,合計Lv30到達後,必要数のXP、マタタビを使用で進化,＠,＠
レアガチャイベント,「究極降臨ギガントゼウス」で入手可能,＠,Lv10で進化,＠,＠,合計Lv30到達後,必要数のXP、マタタビを使用で進化,＠,＠
イベントステージ,「断罪天使クオリネル降臨」で入手可能,＠,Lv10で進化,＠,＠,イベントステージ,「絶・断罪天使クオリネル降臨」でドロップ後,Lv20で進化,＠
レアガチャイベント,「逆襲の英雄ダークヒーローズ」で入手可能,＠,Lv10で進化,＠,＠,合計Lv30到達後,必要数のXP、マタタビを使用で進化,＠,＠
期間限定コラボイベントで入手可能,＠,＠,Lv10で進化,＠,＠,＠,＠,＠,＠
期間限定コラボイベントで入手可能,＠,＠,Lv10で進化,＠,＠,＠,＠,＠,＠
期間限定コラボイベントで入手可能,＠,＠,Lv10で進化,＠,＠,＠,＠,＠,＠
期間限定コラボイベントで入手可能,＠,＠,Lv10で進化,＠,＠,＠,＠,＠,＠
期間限定コラボイベントで入手可能,＠,＠,Lv10で進化,＠,＠,＠,＠,＠,＠
イベントステージ,「緊急爆風警報」で入手可能,＠,Lv10で進化,＠,＠,イベントステージ,「絶・緊急爆風警報」でドロップ後,Lv20で進化,＠
レジェンドステージ,「脆弱性と弱酸性」最終ステージクリアで,入手可能,Lv10で進化,＠,＠,？？？,＠,＠,＠
レアガチャイベント,「超ネコ祭」で入手可能,＠,Lv10で進化,＠,＠,＠,＠,＠,＠
期間限定コラボイベントで入手可能,＠,＠,Lv10で進化,＠,＠,合計Lv30到達後,必要数のXP、マタタビを使用で進化,＠,＠
レアガチャイベント,「究極降臨ギガントゼウス」で入手可能,＠,Lv10で進化,＠,＠,合計Lv30到達後,必要数のXP、マタタビを使用で進化,＠,＠
レアガチャイベント,「究極降臨ギガントゼウス」で入手可能,＠,Lv10で進化,＠,＠,合計Lv30到達後,必要数のXP、マタタビを使用で進化,＠,＠
イベントステージ,「ローリングデッド」で入手可能,＠,Lv10で進化,＠,＠,イベントステージ,「絶・ローリングデッド」でドロップ後,Lv20で進化,＠
期間限定レアガチャイベント,「サマーガールズ」で入手可能,＠,Lv10で進化,＠,＠,＠,＠,＠,＠
期間限定レアガチャイベント,「サマーガールズ」で入手可能,＠,Lv10で進化,＠,＠,＠,＠,＠,＠
期間限定レアガチャイベント,「サマーガールズ」で入手可能,＠,Lv10で進化,＠,＠,＠,＠,＠,＠
期間限定コラボイベントで入手可能,＠,＠,Lv10で進化,＠,＠,＠,＠,＠,＠
期間限定コラボイベントで入手可能,＠,＠,Lv10で進化,＠,＠,＠,＠,＠,＠
期間限定コラボイベントで入手可能,＠,＠,Lv10で進化,＠,＠,＠,＠,＠,＠
期間限定コラボイベントで入手可能,＠,＠,Lv10で進化,＠,＠,＠,＠,＠,＠
期間限定コラボイベントで入手可能,＠,＠,Lv10で進化,＠,＠,＠,＠,＠,＠
期間限定イベントステージ,「ときめき夏祭り」で入手可能,＠,Lv10で進化,＠,＠,＠,＠,＠,＠
レアガチャイベント,「レッドバスターズ」で入手可能,＠,Lv10で進化,＠,＠,合計Lv30到達後,必要数のXP、マタタビを使用で進化,＠,＠
期間限定イベントステージ,「地獄門」で入手可能,＠,Lv10で進化,＠,＠,イベントステージ,「絶・地獄門」でドロップ後,Lv20で進化,＠
外部特典で入手可能,＠,＠,Lv10で進化,＠,＠,＠,＠,＠,＠
レアガチャイベント,「エアバスターズ」で入手可能,＠,Lv10で進化,＠,＠,合計Lv30到達後,必要数のXP、マタタビを使用で進化,＠,＠
期間限定イベントステージ,「女帝飛来」で入手可能,＠,Lv10で進化,＠,＠,イベントステージ,「絶・女帝飛来」でドロップ後,Lv20で進化,＠
期間限定コラボイベントで入手可能,＠,＠,Lv10で進化,＠,＠,＠,＠,＠,＠
期間限定コラボイベントで入手可能,＠,＠,Lv10で進化,＠,＠,＠,＠,＠,＠
期間限定コラボイベントで入手可能,＠,＠,Lv10で進化,＠,＠,＠,＠,＠,＠
期間限定コラボイベントで入手可能,＠,＠,Lv10で進化,＠,＠,＠,＠,＠,＠
期間限定コラボイベントで入手可能,＠,＠,Lv10で進化,＠,＠,＠,＠,＠,＠
期間限定コラボイベントで入手可能,＠,＠,Lv10で進化,＠,＠,＠,＠,＠,＠
期間限定コラボイベントで入手可能,＠,＠,Lv10で進化,＠,＠,＠,＠,＠,＠
期間限定コラボイベントで入手可能,＠,＠,Lv10で進化,＠,＠,＠,＠,＠,＠
期間限定コラボイベントで入手可能,＠,＠,Lv10で進化,＠,＠,＠,＠,＠,＠
期間限定コラボイベントで入手可能,＠,＠,Lv10で進化,＠,＠,＠,＠,＠,＠
期間限定コラボイベントで入手可能,＠,＠,Lv10で進化,＠,＠,＠,＠,＠,＠
期間限定コラボイベントステージ,「魔法少女まどか☆マギカ」で入手可能,＠,Lv10で進化,＠,＠,期間限定コラボイベントステージ,「ワルプルギスの夜」でドロップ後,Lv20で進化,＠
期間限定コラボイベントで入手可能,＠,＠,Lv10で進化,＠,＠,期間限定コラボイベントステージ,「偽りの見滝原」でドロップ後,Lv20で進化,＠
期間限定コラボイベントステージ,「魔女の結界」で入手可能,＠,Lv10で進化,＠,＠,＠,＠,＠,＠
期間限定レアガチャイベント,「ハロウィンガチャ」で入手可能,＠,Lv10で進化,＠,＠,＠,＠,＠,＠
期間限定イベントステージ,「文化祭グルメ戦争」で入手可能,＠,Lv10で進化,＠,＠,＠,＠,＠,＠
レアガチャイベント,「革命軍隊アイアンウォーズ」で入手可能,＠,Lv10で進化,＠,＠,合計Lv30到達後,必要数のXP、マタタビを使用で進化,＠,＠
レアガチャイベント,「革命軍隊アイアンウォーズ」で入手可能,＠,Lv10で進化,＠,＠,合計Lv30到達後,必要数のXP、マタタビを使用で進化,＠,＠
レアガチャイベント,「革命軍隊アイアンウォーズ」で入手可能,＠,Lv10で進化,＠,＠,合計Lv30到達後,必要数のXP、マタタビを使用で進化,＠,＠
レアガチャで入手可能,＠,＠,Lv10で進化,＠,＠,合計Lv30到達後,必要数のXP、マタタビを使用で進化,＠,＠
レアガチャで入手可能,＠,＠,Lv10で進化,＠,＠,合計Lv30到達後,必要数のXP、マタタビを使用で進化,＠,＠
外部特典で入手可能,＠,＠,Lv10で進化,＠,＠,＠,＠,＠,＠
期間限定レアガチャイベント,「クリスマスギャルズ」で入手可能,＠,Lv10で進化,＠,＠,＠,＠,＠,＠
期間限定イベントガチャで入手可能,＠,＠,Lv10で進化,＠,＠,開眼イベントステージ,「開眼のちびネコフィッシュ襲来！」でドロップ後,Lv20で進化,＠
期間限定イベントガチャで入手可能,＠,＠,Lv10で進化,＠,＠,開眼イベントステージ,「開眼のちびネコトカゲ襲来！」でドロップ後,Lv20で進化,＠
期間限定イベントガチャで入手可能,＠,＠,Lv10で進化,＠,＠,開眼イベントステージ,「開眼のちび巨神ネコ襲来！」でドロップ後,Lv20で進化,＠
年末年始限定,レアガチャイベントで入手可能,＠,Lv10で進化,＠,＠,＠,＠,＠,＠
期間限定コラボイベントステージ,「ピコ太郎」で入手可能,＠,Lv10で進化,＠,＠,＠,＠,＠,＠
レアガチャイベント,「究極降臨ギガントゼウス」で入手可能,＠,Lv10で進化,＠,＠,合計Lv30到達後,必要数のXP、マタタビを使用で進化,＠,＠
期間限定コラボイベントで入手可能,＠,＠,Lv10で進化,＠,＠,＠,＠,＠,＠
レアガチャイベント,「超ネコ祭」で入手可能,＠,Lv10で進化,＠,＠,＠,＠,＠,＠
期間限定イベントステージ,「２２２ ～猫の日～」で入手可能,＠,Lv10で進化,＠,＠,＠,＠,＠,＠
期間限定コラボイベントステージ,「？？？」で入手可能,＠,Lv10で進化,＠,＠,？？？,＠,＠,＠
期間限定コラボイベントで入手可能,＠,＠,Lv10で進化,＠,＠,＠,＠,＠,＠
レアガチャイベント,「超古代勇者ウルトラソウルズ」で入手可能,＠,Lv10で進化,＠,＠,合計Lv30到達後,必要数のXP、マタタビを使用で進化,＠,＠
レジェンドステージ,「ハリーウッド帝国」最終ステージクリアで,入手可能,Lv10で進化,＠,＠,？？？,＠,＠,＠
期間限定イベントステージ,「亡者デブウ降臨」で入手可能,＠,Lv10で進化,＠,＠,イベントステージ,「絶・亡者デブウ降臨」でドロップ後,Lv20で進化,＠
レアガチャで入手可能,＠,＠,Lv10で進化,＠,＠,合計Lv30到達後,必要数のXP、マタタビを使用で進化,＠,＠
期間限定コラボイベントで入手可能,＠,＠,Lv10で進化,＠,＠,＠,＠,＠,＠
期間限定コラボイベントで入手可能,＠,＠,Lv10で進化,＠,＠,＠,＠,＠,＠
期間限定コラボイベントで入手可能,＠,＠,Lv10で進化,＠,＠,＠,＠,＠,＠
期間限定イベントステージ,「謎のイースター」で入手可能,＠,Lv10で進化,＠,＠,＠,＠,＠,＠
期間限定レアガチャイベント,「イースターカーニバル」で入手可能,＠,Lv10で進化,＠,＠,＠,＠,＠,＠
期間限定レアガチャイベント,「イースターカーニバル」で入手可能,＠,Lv10で進化,＠,＠,＠,＠,＠,＠
期間限定レアガチャイベント,「イースターカーニバル」で入手可能,＠,Lv10で進化,＠,＠,＠,＠,＠,＠
レアガチャイベント,「極ネコ祭」で入手可能,＠,Lv10で進化,＠,＠,＠,＠,＠,＠
レアガチャイベント,「絶命美少女ギャルズモンスターズ」で入手可能,＠,Lv10で進化,＠,＠,合計Lv30到達後,必要数のXP、マタタビを使用で進化,＠,＠
レアガチャイベント,「絶命美少女ギャルズモンスターズ」で入手可能,＠,Lv10で進化,＠,＠,合計Lv30到達後,必要数のXP、マタタビを使用で進化,＠,＠
レアガチャイベント,「絶命美少女ギャルズモンスターズ」で入手可能,＠,Lv10で進化,＠,＠,合計Lv30到達後,必要数のXP、マタタビを使用で進化,＠,＠
期間限定コラボイベントで入手可能,＠,＠,Lv10で進化,＠,＠,合計Lv30到達後,必要数のXP、マタタビを使用で進化,＠,＠
レアガチャイベント,「戦国武神バサラーズ」で入手可能,＠,Lv10で進化,＠,＠,合計Lv30到達後,必要数のXP、マタタビを使用で進化,＠,＠
？？？,＠,＠,Lv10で進化,＠,＠,＠,＠,＠,＠
期間限定コラボイベントステージ,「失われし世界」で入手可能,＠,Lv10で進化,＠,＠,＠,＠,＠,＠
期間限定コラボイベントで入手可能,＠,＠,Lv10で進化,＠,＠,合計Lv30到達後,必要数のXP、マタタビを使用で進化,＠,＠
期間限定イベントで入手可能,＠,＠,Lv10で進化,＠,＠,＠,＠,＠,＠
期間限定イベントステージ,「じめじめなめなめ大進撃！」で入手可能,＠,Lv10で進化,＠,＠,＠,＠,＠,＠
期間限定コラボイベントで入手可能,＠,＠,Lv10で進化,＠,＠,合計Lv30到達後,必要数のXP、マタタビを使用で進化,＠,＠
期間限定コラボイベントで入手可能,＠,＠,Lv10で進化,＠,＠,合計Lv30到達後,必要数のXP、マタタビを使用で進化,＠,＠
期間限定コラボイベントで入手可能,＠,＠,Lv10で進化,＠,＠,＠,＠,＠,＠
外部特典で入手可能,＠,＠,Lv10で進化,＠,＠,期間限定コラボイベントステージ,「開眼のぐでたまにゃんこ襲来！」でドロップ後,Lv20で進化,＠
期間限定コラボイベントで入手可能,＠,＠,Lv10で進化,＠,＠,＠,＠,＠,＠
期間限定コラボイベントで入手可能,＠,＠,Lv10で進化,＠,＠,＠,＠,＠,＠
期間限定コラボイベントで入手可能,＠,＠,Lv10で進化,＠,＠,＠,＠,＠,＠
レアガチャイベント,「電脳学園ギャラクシーギャルズ」で入手可能,＠,Lv10で進化,＠,＠,合計Lv30到達後,必要数のXP、マタタビを使用で進化,＠,＠
「？？？」で入手可能,＠,＠,Lv10で進化,＠,＠,＠,＠,＠,＠
期間限定コラボイベントステージ,「」で入手可能,＠,Lv10で進化,＠,＠,期間限定コラボイベントステージ,「？？？」でドロップ後,Lv20で進化,＠
期間限定レアガチャイベント,「サマーガールズ」で入手可能,＠,Lv10で進化,＠,＠,＠,＠,＠,＠
レアガチャイベント,「革命軍隊アイアンウォーズ」で入手可能,＠,Lv10で進化,＠,＠,合計Lv30到達後,必要数のXP、マタタビを使用で進化,＠,＠
期間限定コラボイベントで入手可能,＠,＠,Lv10で進化,＠,＠,＠,＠,＠,＠
レアガチャイベント,「絶命美少女ギャルズモンスターズ」で入手可能,＠,Lv10で進化,＠,＠,合計Lv30到達後,必要数のXP、マタタビを使用で進化,＠,＠
レアガチャイベント,「絶命美少女ギャルズモンスターズ」で入手可能,＠,Lv10で進化,＠,＠,合計Lv30到達後,必要数のXP、マタタビを使用で進化,＠,＠
レアガチャイベント,「大精霊エレメンタルピクシーズ」で入手可能,＠,Lv10で進化,＠,＠,合計Lv30到達後,必要数のXP、マタタビを使用で進化,＠,＠
レアガチャイベント,「大精霊エレメンタルピクシーズ」で入手可能,＠,Lv10で進化,＠,＠,合計Lv30到達後,必要数のXP、マタタビを使用で進化,＠,＠
レアガチャイベント,「大精霊エレメンタルピクシーズ」で入手可能,＠,Lv10で進化,＠,＠,合計Lv30到達後,必要数のXP、マタタビを使用で進化,＠,＠
期間限定コラボイベントで入手可能,＠,＠,Lv10で進化,＠,＠,合計Lv30到達後,必要数のXP、マタタビを使用で進化,＠,＠
期間限定コラボイベントで入手可能,＠,＠,Lv10で進化,＠,＠,＠,＠,＠,＠
期間限定コラボイベントで入手可能,＠,＠,Lv10で進化,＠,＠,＠,＠,＠,＠
期間限定コラボイベントで入手可能,＠,＠,Lv10で進化,＠,＠,＠,＠,＠,＠
期間限定コラボイベントで入手可能,＠,＠,Lv10で進化,＠,＠,＠,＠,＠,＠
期間限定コラボイベントで入手可能,＠,＠,Lv10で進化,＠,＠,＠,＠,＠,＠
期間限定コラボイベントで入手可能,＠,＠,Lv10で進化,＠,＠,＠,＠,＠,＠
期間限定コラボイベントで入手可能,＠,＠,Lv10で進化,＠,＠,期間限定コラボイベントステージ,「超激闘！セイバーオルタ襲来！」でドロップ後,Lv20で進化,＠
期間限定コラボイベントで入手可能,＠,＠,Lv10で進化,＠,＠,合計Lv30到達後,必要数のXP、マタタビを使用で進化,＠,＠
期間限定コラボイベントで入手可能,＠,＠,Lv10で進化,＠,＠,＠,＠,＠,＠
期間限定コラボイベントで入手可能,＠,＠,Lv10で進化,＠,＠,＠,＠,＠,＠
期間限定コラボイベントステージ,「聖杯戦争の始まり」で入手可能,＠,Lv10で進化,＠,＠,＠,＠,＠,＠
期間限定コラボイベントで入手可能,＠,＠,Lv10で進化,＠,＠,＠,＠,＠,＠
期間限定イベントで入手可能,＠,＠,Lv10で進化,＠,＠,＠,＠,＠,＠
レアガチャで入手可能,＠,＠,Lv10で進化,＠,＠,合計Lv30到達後,必要数のXP、マタタビを使用で進化,＠,＠
レアガチャで入手可能,＠,＠,Lv10で進化,＠,＠,合計Lv30到達後,必要数のXP、マタタビを使用で進化,＠,＠
レアガチャイベント,「極ネコ祭」で入手可能,＠,Lv10で進化,＠,＠,＠,＠,＠,＠
イベントステージ,「絶望新次元」で入手可能,＠,Lv10で進化,＠,＠,イベントステージ,「絶・絶望新次元」でドロップ後,Lv20で進化,＠
レアガチャイベント,「超ネコ祭」で入手可能,＠,Lv10で進化,＠,＠,＠,＠,＠,＠
期間限定イベントで入手可能,＠,＠,Lv10で進化,＠,＠,＠,＠,＠,＠
イベントステージ,「チワワン伯爵降臨」で入手可能,＠,Lv10で進化,＠,＠,イベントステージ,「絶・チワワン伯爵降臨」でドロップ後,Lv20で進化,＠
「？？？」で入手可能,＠,＠,Lv10で進化,＠,＠,＠,＠,＠,＠
期間限定コラボイベントで入手可能,＠,＠,Lv10で進化,＠,＠,＠,＠,＠,＠
期間限定コラボイベントステージ,「パワフル高校2年の夏」で入手可能,＠,Lv10で進化,＠,＠,期間限定コラボイベントステージ,「ダイジョーブ博士の挑戦状」でドロップ後,Lv20で進化,＠
期間限定コラボイベントステージ,「デートステージ　虹谷彩理」で入手可能,＠,Lv10で進化,＠,＠,＠,＠,＠,＠
期間限定コラボイベントステージ,「デートステージ　紺野美崎」で入手可能,＠,Lv10で進化,＠,＠,＠,＠,＠,＠
期間限定コラボイベントステージ,「デートステージ　片桐恋」で入手可能,＠,Lv10で進化,＠,＠,＠,＠,＠,＠
期間限定コラボイベントステージ,「デートステージ　猫塚かりん」で入手可能,＠,Lv10で進化,＠,＠,＠,＠,＠,＠
期間限定コラボイベントで入手可能,＠,＠,Lv10で進化,＠,＠,合計Lv30到達後,必要数のXP、マタタビを使用で進化,＠,＠
期間限定コラボイベントで入手可能,＠,＠,Lv10で進化,＠,＠,合計Lv30到達後,必要数のXP、マタタビを使用で進化,＠,＠
期間限定コラボイベントで入手可能,＠,＠,Lv10で進化,＠,＠,合計Lv30到達後,必要数のXP、マタタビを使用で進化,＠,＠
期間限定コラボイベントで入手可能,＠,＠,Lv10で進化,＠,＠,合計Lv30到達後,必要数のXP、マタタビを使用で進化,＠,＠
期間限定コラボイベントで入手可能,＠,＠,Lv10で進化,＠,＠,合計Lv30到達後,必要数のXP、マタタビを使用で進化,＠,＠
期間限定コラボイベントで入手可能,＠,＠,Lv10で進化,＠,＠,合計Lv30到達後,必要数のXP、マタタビを使用で進化,＠,＠
レアガチャイベント,「超破壊大帝ドラゴンエンペラーズ」で入手可能,＠,Lv10で進化,＠,＠,合計Lv30到達後,必要数のXP、マタタビを使用で進化,＠,＠
レアガチャイベント,「メタルバスターズ」で入手可能,＠,Lv10で進化,＠,＠,合計Lv30到達後,必要数のXP、マタタビを使用で進化,＠,＠
期間限定コラボイベントで入手可能,＠,＠,Lv10で進化,＠,＠,＠,＠,＠,＠
期間限定コラボイベントステージ,「つくね荘からの挑戦状」で入手可能,＠,Lv10で進化,＠,＠,＠,＠,＠,＠
期間限定コラボイベントで入手可能,＠,＠,Lv10で進化,＠,＠,＠,＠,＠,＠
レアガチャイベント,「大精霊エレメンタルピクシーズ」で入手可能,＠,Lv10で進化,＠,＠,合計Lv30到達後,必要数のXP、マタタビを使用で進化,＠,＠
期間限定コラボイベントステージ,「発進！エヴァンゲリオン」で入手可能,＠,Lv10で進化,＠,＠,期間限定コラボイベントステージ,「第１３号機、襲来」でドロップ後,Lv20で進化,＠
期間限定コラボイベントで入手可能,＠,＠,Lv10で進化,＠,＠,＠,＠,＠,＠
期間限定コラボイベントステージ,「第9の使徒、襲来」で入手可能,＠,Lv10で進化,＠,＠,＠,＠,＠,＠
期間限定コラボイベントで入手可能,＠,＠,Lv10で進化,＠,＠,期間限定コラボイベントステージ,「第１０の使徒、襲来」でドロップ後,Lv20で進化,＠
期間限定コラボイベントで入手可能,＠,＠,Lv10で進化,＠,＠,＠,＠,＠,＠
期間限定コラボイベントで入手可能,＠,＠,Lv10で進化,＠,＠,＠,＠,＠,＠
期間限定コラボイベントで入手可能,＠,＠,Lv10で進化,＠,＠,＠,＠,＠,＠
期間限定コラボイベントで入手可能,＠,＠,Lv10で進化,＠,＠,＠,＠,＠,＠
期間限定コラボイベントで入手可能,＠,＠,Lv10で進化,＠,＠,合計Lv30到達後,必要数のXP、マタタビを使用で進化,＠,＠
期間限定コラボイベントで入手可能,＠,＠,Lv10で進化,＠,＠,＠,＠,＠,＠
期間限定コラボイベントで入手可能,＠,＠,Lv10で進化,＠,＠,＠,＠,＠,＠
期間限定コラボイベントで入手可能,＠,＠,Lv10で進化,＠,＠,＠,＠,＠,＠
期間限定コラボイベントで入手可能,＠,＠,Lv10で進化,＠,＠,合計Lv30到達後,必要数のXP、マタタビを使用で進化,＠,＠
期間限定コラボイベントで入手可能,＠,＠,Lv10で進化,＠,＠,＠,＠,＠,＠
期間限定コラボイベントで入手可能,＠,＠,Lv10で進化,＠,＠,＠,＠,＠,＠
レアガチャイベント,「革命軍隊アイアンウォーズ」で入手可能,＠,Lv10で進化,＠,＠,合計Lv30到達後,必要数のXP、マタタビを使用で進化,＠,＠
イベントステージ,「狂乱のもねこ降臨」で入手可能,＠,Lv10で進化,＠,＠,＠,＠,＠,＠
期間限定コラボイベントステージ,「ポコ森の仲間たち」で入手可能,＠,Lv10で進化,＠,＠,＠,＠,＠,＠
期間限定コラボイベントステージ,「ポコ森の仲間たち」で入手可能,＠,Lv10で進化,＠,＠,＠,＠,＠,＠
期間限定コラボイベントステージ,「ポコ森の仲間たち」で入手可能,＠,Lv10で進化,＠,＠,＠,＠,＠,＠
期間限定コラボイベントステージ,「太秦萌の通学」で入手可能,＠,Lv10で進化,＠,＠,＠,＠,＠,＠
期間限定コラボイベントステージ,「松賀咲の通学」で入手可能,＠,Lv10で進化,＠,＠,＠,＠,＠,＠
期間限定コラボイベントステージ,「小野ミサの通学」で入手可能,＠,Lv10で進化,＠,＠,＠,＠,＠,＠
期間限定コラボイベントで入手可能,＠,＠,Lv10で進化,＠,＠,＠,＠,＠,＠
「？？？」で入手可能,＠,＠,Lv10で進化,＠,＠,＠,＠,＠,＠
レアガチャイベント,「超激ダイナマイツ」で入手可能,＠,Lv10で進化,＠,＠,合計Lv30到達後,必要数のXP、マタタビを使用で進化,＠,＠
期間限定コラボイベントで入手可能,＠,＠,Lv10で進化,＠,＠,＠,＠,＠,＠
期間限定コラボイベントで入手可能,＠,＠,Lv10で進化,＠,＠,＠,＠,＠,＠
期間限定コラボイベントで入手可能,＠,＠,Lv10で進化,＠,＠,＠,＠,＠,＠
レアガチャイベント,「逆襲の英雄ダークヒーローズ」で入手可能,＠,Lv10で進化,＠,＠,合計Lv30到達後,必要数のXP、マタタビを使用で進化,＠,＠
期間限定コラボイベントで入手可能,＠,＠,Lv10で進化,＠,＠,＠,＠,＠,＠
期間限定コラボイベントで入手可能,＠,＠,Lv10で進化,＠,＠,＠,＠,＠,＠
期間限定コラボイベントで入手可能,＠,＠,Lv10で進化,＠,＠,＠,＠,＠,＠
期間限定レアガチャイベントで入手可能,＠,＠,Lv10で進化,＠,＠,＠,＠,＠,＠
レアガチャイベント,「伝説のネコルガ族」で入手可能,＠,Lv10で進化,＠,＠,合計Lv30到達後,必要数のXP、マタタビを使用で進化,＠,＠
「？？？」で入手可能,＠,＠,Lv10で進化,＠,＠,＠,＠,＠,＠
期間限定レアガチャイベント,「サマーガールズ」で入手可能,＠,Lv10で進化,＠,＠,＠,＠,＠,＠
レアガチャイベント,「究極降臨ギガントゼウス」で入手可能,＠,Lv10で進化,＠,＠,合計Lv30到達後,必要数のXP、マタタビを使用で進化,＠,＠
期間限定コラボイベントで入手可能,＠,＠,Lv10で進化,＠,＠,＠,＠,＠,＠
レアガチャイベント,「極ネコ祭」で入手可能,＠,Lv10で進化,＠,＠,＠,＠,＠,＠
イベントステージ,「夜は短し夢みよ乙女」で入手可能,＠,Lv10で進化,＠,＠,イベントステージ,「絶・夜は短し夢みよ乙女」でドロップ後,Lv20で進化,＠
期間限定レアガチャイベントで入手可能,＠,＠,Lv10で進化,＠,＠,合計Lv30到達後,必要数のXP、マタタビを使用で進化,＠,＠
期間限定レアガチャイベントで入手可能,＠,＠,Lv10で進化,＠,＠,合計Lv30到達後,必要数のXP、マタタビを使用で進化,＠,＠
期間限定レアガチャイベントで入手可能,＠,＠,Lv10で進化,＠,＠,合計Lv30到達後,必要数のXP、マタタビを使用で進化,＠,＠
期間限定レアガチャイベントで入手可能,＠,＠,Lv10で進化,＠,＠,合計Lv30到達後,必要数のXP、マタタビを使用で進化,＠,＠
期間限定レアガチャイベントで入手可能,＠,＠,Lv10で進化,＠,＠,合計Lv30到達後,必要数のXP、マタタビを使用で進化,＠,＠
「？？？」で入手可能,＠,＠,Lv10で進化,＠,＠,＠,＠,＠,＠
「？？？」で入手可能,＠,＠,Lv10で進化,＠,＠,＠,＠,＠,＠
「？？？」で入手可能,＠,＠,Lv10で進化,＠,＠,＠,＠,＠,＠
「？？？」で入手可能,＠,＠,Lv10で進化,＠,＠,＠,＠,＠,＠
イベントステージ,「台風零号」で入手可能,＠,Lv10で進化,＠,＠,イベントステージ,「絶・台風零号」でドロップ後,Lv20で進化,＠
期間限定コラボイベントで入手可能,＠,＠,Lv10で進化,＠,＠,＠,＠,＠,＠
期間限定コラボイベントで入手可能,＠,＠,Lv10で進化,＠,＠,＠,＠,＠,＠
「？？？」で入手可能,＠,＠,Lv10で進化,＠,＠,＠,＠,＠,＠
期間限定コラボイベントで入手可能,＠,＠,Lv10で進化,＠,＠,＠,＠,＠,＠
期間限定コラボイベントで入手可能,＠,＠,Lv10で進化,＠,＠,＠,＠,＠,＠
期間限定コラボイベントで入手可能,＠,＠,Lv10で進化,＠,＠,＠,＠,＠,＠
期間限定コラボイベントで入手可能,＠,＠,Lv10で進化,＠,＠,＠,＠,＠,＠
期間限定コラボイベントで入手可能,＠,＠,Lv10で進化,＠,＠,＠,＠,＠,＠
「？？？」で入手可能,＠,＠,Lv10で進化,＠,＠,＠,＠,＠,＠
「？？？」で入手可能,＠,＠,Lv10で進化,＠,＠,＠,＠,＠,＠
「？？？」で入手可能,＠,＠,Lv10で進化,＠,＠,＠,＠,＠,＠
「？？？」で入手可能,＠,＠,Lv10で進化,＠,＠,＠,＠,＠,＠
「？？？」で入手可能,＠,＠,Lv10で進化,＠,＠,＠,＠,＠,＠
期間限定コラボイベントで入手可能,＠,＠,Lv10で進化,＠,＠,＠,＠,＠,＠
期間限定コラボイベントで入手可能,＠,＠,Lv10で進化,＠,＠,合計Lv30到達後,必要数のXP、マタタビを使用で進化,＠,＠
期間限定コラボイベントで入手可能,＠,＠,Lv10で進化,＠,＠,合計Lv30到達後,必要数のXP、マタタビを使用で進化,＠,＠
期間限定コラボイベントで入手可能,＠,＠,Lv10で進化,＠,＠,合計Lv30到達後,必要数のXP、マタタビを使用で進化,＠,＠
期間限定コラボイベントで入手可能,＠,＠,Lv10で進化,＠,＠,＠,＠,＠,＠
期間限定コラボイベントで入手可能,＠,＠,Lv10で進化,＠,＠,＠,＠,＠,＠
期間限定コラボイベントで入手可能,＠,＠,Lv10で進化,＠,＠,＠,＠,＠,＠
期間限定コラボイベントステージ,「聖魔大戦勃発！」で入手可能,＠,Lv10で進化,＠,＠,期間限定コラボイベントステージ,「覚醒！ヤマト爆神」でドロップ後,Lv20で進化,＠
期間限定コラボイベントで入手可能,＠,＠,Lv10で進化,＠,＠,期間限定コラボイベントステージ,「対決！魔幻モデル」でドロップ後,Lv20で進化,＠
期間限定コラボイベントで入手可能,＠,＠,Lv10で進化,＠,＠,＠,＠,＠,＠
期間限定コラボイベントで入手可能,＠,＠,Lv10で進化,＠,＠,＠,＠,＠,＠
期間限定コラボイベントで入手可能,＠,＠,Lv10で進化,＠,＠,＠,＠,＠,＠
「？？？」で入手可能,＠,＠,Lv10で進化,＠,＠,＠,＠,＠,＠
期間限定イベントで入手可能,＠,＠,Lv10で進化,＠,＠,＠,＠,＠,＠
期間限定コラボイベントステージ,「ゆる～い！ねこ娘襲来！」で入手可能,＠,Lv10で進化,＠,＠,＠,＠,＠,＠
「？？？」で入手可能,＠,＠,Lv10で進化,＠,＠,＠,＠,＠,＠
期間限定コラボイベントで入手可能,＠,＠,Lv10で進化,＠,＠,＠,＠,＠,＠
期間限定コラボイベントステージ,「天上の世界」で入手可能,＠,Lv10で進化,＠,＠,＠,＠,＠,＠
期間限定レアガチャイベントで入手可能,＠,＠,Lv10で進化,＠,＠,＠,＠,＠,＠
期間限定コラボイベントで入手可能,＠,＠,Lv10で進化,＠,＠,＠,＠,＠,＠
期間限定コラボイベントで入手可能,＠,＠,Lv10で進化,＠,＠,＠,＠,＠,＠
期間限定コラボイベントで入手可能,＠,＠,Lv10で進化,＠,＠,＠,＠,＠,＠
期間限定コラボイベントで入手可能,＠,＠,Lv10で進化,＠,＠,＠,＠,＠,＠
期間限定コラボイベントで入手可能,＠,＠,Lv10で進化,＠,＠,＠,＠,＠,＠
期間限定コラボイベントで入手可能,＠,＠,Lv10で進化,＠,＠,＠,＠,＠,＠
期間限定コラボイベントで入手可能,＠,＠,Lv10で進化,＠,＠,＠,＠,＠,＠
期間限定コラボイベントで入手可能,＠,＠,Lv10で進化,＠,＠,期間限定コラボイベントステージ,「？？？」でドロップ後,Lv20で進化,＠
「？？？」で入手可能,＠,＠,Lv10で進化,＠,＠,＠,＠,＠,＠
期間限定レアガチャイベント,「サマーガールズ」で入手可能,＠,Lv10で進化,＠,＠,＠,＠,＠,＠
レアガチャで入手可能,＠,＠,Lv10で進化,＠,＠,合計Lv30到達後,必要数のXP、マタタビを使用で進化,＠,＠
レアガチャイベント,「戦国武神バサラーズ」で入手可能,＠,Lv10で進化,＠,＠,合計Lv30到達後,必要数のXP、マタタビを使用で進化,＠,＠
期間限定コラボイベントで入手可能,＠,＠,Lv10で進化,＠,＠,＠,＠,＠,＠
期間限定コラボイベントで入手可能,＠,＠,Lv10で進化,＠,＠,＠,＠,＠,＠
期間限定コラボイベントで入手可能,＠,＠,Lv10で進化,＠,＠,＠,＠,＠,＠
期間限定コラボイベントで入手可能,＠,＠,Lv10で進化,＠,＠,＠,＠,＠,＠
期間限定イベントステージ,「ふたりで！にゃんこ大戦争 」で入手可能,＠,Lv10で進化,＠,＠,＠,＠,＠,＠
レアガチャイベント,「電脳学園ギャラクシーギャルズ」で入手可能,＠,Lv10で進化,＠,＠,合計Lv30到達後,必要数のXP、マタタビを使用で進化,＠,＠
期間限定コラボイベントステージ,「ドットヒーローズ」で入手可能,＠,Lv10で進化,＠,＠,＠,＠,＠,＠
期間限定コラボイベントで入手可能,＠,＠,Lv10で進化,＠,＠,＠,＠,＠,＠
レアガチャイベント,「超破壊大帝ドラゴンエンペラーズ」で入手可能,＠,Lv10で進化,＠,＠,合計Lv30到達後,必要数のXP、マタタビを使用で進化,＠,＠
期間限定コラボイベントで入手可能,＠,＠,Lv10で進化,＠,＠,＠,＠,＠,＠
期間限定イベントステージ,「ブルーインパクト」で入手可能,＠,Lv10で進化,＠,＠,＠,＠,＠,＠
期間限定コラボイベントで入手可能,＠,＠,Lv10で進化,＠,＠,＠,＠,＠,＠
期間限定コラボイベントで入手可能,＠,＠,Lv10で進化,＠,＠,＠,＠,＠,＠
期間限定コラボイベントで入手可能,＠,＠,Lv10で進化,＠,＠,＠,＠,＠,＠
期間限定コラボイベントで入手可能,＠,＠,Lv10で進化,＠,＠,合計Lv30到達後,必要数のXP、マタタビを使用で進化,＠,＠
期間限定コラボイベントで入手可能,＠,＠,Lv10で進化,＠,＠,＠,＠,＠,＠
期間限定コラボイベントで入手可能,＠,＠,Lv10で進化,＠,＠,＠,＠,＠,＠
期間限定コラボイベントで入手可能,＠,＠,Lv10で進化,＠,＠,＠,＠,＠,＠
期間限定コラボイベントで入手可能,＠,＠,Lv10で進化,＠,＠,＠,＠,＠,＠
期間限定コラボイベントで入手可能,＠,＠,Lv10で進化,＠,＠,＠,＠,＠,＠
期間限定コラボイベントで入手可能,＠,＠,Lv10で進化,＠,＠,＠,＠,＠,＠
期間限定コラボイベントで入手可能,＠,＠,Lv10で進化,＠,＠,＠,＠,＠,＠
レアガチャイベント,「超激ダイナマイツ」で入手可能,＠,Lv10で進化,＠,＠,合計Lv30到達後,必要数のXP、マタタビを使用で進化,＠,＠
期間限定レアガチャイベントで入手可能,＠,＠,Lv10で進化,＠,＠,＠,＠,＠,＠
期間限定イベントステージ,「奈落門」で入手可能,＠,Lv10で進化,＠,＠,＠,＠,＠,＠
レアガチャで入手可能,＠,＠,Lv10で進化,＠,＠,＠,＠,＠,＠
レアガチャで入手可能,＠,＠,Lv10で進化,＠,＠,合計Lv30到達後,必要数のXP、マタタビを使用で進化,＠,＠
期間限定コラボイベントで入手可能,＠,＠,Lv10で進化,＠,＠,＠,＠,＠,＠
レアガチャイベント,「超古代勇者ウルトラソウルズ」で入手可能,＠,Lv10で進化,＠,＠,合計Lv30到達後,必要数のXP、マタタビを使用で進化,＠,＠
期間限定レアガチャイベント,「クリスマスギャルズ」で入手可能,＠,Lv10で進化,＠,＠,＠,＠,＠,＠
期間限定イベントステージ,「古王妃飛来」で入手可能,＠,Lv10で進化,＠,＠,＠,＠,＠,＠
期間限定イベントステージ,「聖者ポプウ降臨」で入手可能,＠,Lv10で進化,＠,＠,＠,＠,＠,＠
レアガチャイベント,「超ネコ祭」で入手可能,＠,Lv10で進化,＠,＠,＠,＠,＠,＠
期間限定コラボイベントで入手可能,＠,＠,Lv10で進化,＠,＠,＠,＠,＠,＠
期間限定イベントステージ,「ほの暗い沼の底から」で入手可能,＠,Lv10で進化,＠,＠,イベントステージ,「絶・ほの暗い沼の底から」でドロップ後,Lv20で進化,＠
「？？？」で入手可能,＠,＠,Lv10で進化,＠,＠,＠,＠,＠,＠
レアガチャイベント,「逆襲の英雄ダークヒーローズ」で入手可能,＠,Lv10で進化,＠,＠,合計Lv30到達後,必要数のXP、マタタビを使用で進化,＠,＠
レアガチャイベント,「究極降臨ギガントゼウス」で入手可能,＠,Lv10で進化,＠,＠,合計Lv30到達後,必要数のXP、マタタビを使用で進化,＠,＠
期間限定コラボイベントで入手可能,＠,＠,Lv10で進化,＠,＠,＠,＠,＠,＠
期間限定コラボイベントで入手可能,＠,＠,Lv10で進化,＠,＠,＠,＠,＠,＠
期間限定コラボイベントで入手可能,＠,＠,Lv10で進化,＠,＠,＠,＠,＠,＠
期間限定コラボイベントで入手可能,＠,＠,Lv10で進化,＠,＠,＠,＠,＠,＠
期間限定イベントステージ,「綺羅星ペロ降臨」で入手可能,＠,Lv10で進化,＠,＠,＠,＠,＠,＠
期間限定コラボイベントで入手可能,＠,＠,Lv10で進化,＠,＠,＠,＠,＠,＠
期間限定コラボイベントで入手可能,＠,＠,Lv10で進化,＠,＠,＠,＠,＠,＠
「？？？」で入手可能,＠,＠,Lv10で進化,＠,＠,＠,＠,＠,＠
レアガチャイベント,「極ネコ祭」で入手可能,＠,Lv10で進化,＠,＠,＠,＠,＠,＠
「？？？」で入手可能,＠,＠,Lv10で進化,＠,＠,＠,＠,＠,＠
期間限定イベントステージ,「死霊妖精クオリネム降臨」で入手可能,＠,Lv10で進化,＠,＠,＠,＠,＠,＠
レアガチャイベント,「伝説のネコルガ族」で入手可能,＠,Lv10で進化,＠,＠,＠,＠,＠,＠
期間限定コラボイベントで入手可能,＠,＠,Lv10で進化,＠,＠,＠,＠,＠,＠
期間限定コラボイベントで入手可能,＠,＠,Lv10で進化,＠,＠,＠,＠,＠,＠
期間限定コラボイベントで入手可能,＠,＠,Lv10で進化,＠,＠,＠,＠,＠,＠
期間限定コラボイベントで入手可能,＠,＠,Lv10で進化,＠,＠,＠,＠,＠,＠
期間限定コラボイベントで入手可能,＠,＠,Lv10で進化,＠,＠,＠,＠,＠,＠
期間限定コラボイベントで入手可能,＠,＠,Lv10で進化,＠,＠,＠,＠,＠,＠
期間限定イベントステージ,「はじめてのお遣い」で入手可能,＠,Lv10で進化,＠,＠,＠,＠,＠,＠
「？？？」で入手可能,＠,＠,Lv10で進化,＠,＠,＠,＠,＠,＠
期間限定コラボイベントで入手可能,＠,＠,Lv10で進化,＠,＠,＠,＠,＠,＠
期間限定コラボイベントで入手可能,＠,＠,Lv10で進化,＠,＠,合計Lv30到達後,必要数のXP、マタタビを使用で進化,＠,＠
期間限定コラボイベントで入手可能,＠,＠,Lv10で進化,＠,＠,＠,＠,＠,＠
期間限定イベントで入手可能,＠,＠,Lv10で進化,＠,＠,＠,＠,＠,＠
レアガチャイベント,「波動バスターズ」で入手可能,＠,Lv10で進化,＠,＠,＠,＠,＠,＠
期間限定コラボイベントで入手可能,＠,＠,Lv10で進化,＠,＠,＠,＠,＠,＠
期間限定コラボイベントで入手可能,＠,＠,Lv10で進化,＠,＠,＠,＠,＠,＠
期間限定コラボイベントで入手可能,＠,＠,Lv10で進化,＠,＠,＠,＠,＠,＠
期間限定レアガチャイベント,「サマーガールズ」で入手可能,＠,Lv10で進化,＠,＠,＠,＠,＠,＠
期間限定レアガチャイベント,「サマーガールズ」で入手可能,＠,Lv10で進化,＠,＠,＠,＠,＠,＠
期間限定レアガチャイベント,「サマーガールズ」で入手可能,＠,Lv10で進化,＠,＠,＠,＠,＠,＠
期間限定レアガチャイベント,「サマーガールズ」で入手可能,＠,Lv10で進化,＠,＠,＠,＠,＠,＠
期間限定コラボイベントで入手可能,＠,＠,Lv10で進化,＠,＠,＠,＠,＠,＠
「？？？」で入手可能,＠,＠,Lv10で進化,＠,＠,＠,＠,＠,＠
レアガチャイベント,「大精霊エレメンタルピクシーズ」で入手可能,＠,Lv10で進化,＠,＠,合計Lv30到達後,必要数のXP、マタタビを使用で進化,＠,＠
レアガチャイベント,「ハロウィンガチャ」で入手可能,＠,Lv10で進化,＠,＠,＠,＠,＠,＠
期間限定コラボイベントで入手可能,＠,＠,Lv10で進化,＠,＠,＠,＠,＠,＠
期間限定コラボイベントで入手可能,＠,＠,Lv10で進化,＠,＠,＠,＠,＠,＠
期間限定コラボイベントで入手可能,＠,＠,Lv10で進化,＠,＠,＠,＠,＠,＠
期間限定コラボイベントで入手可能,＠,＠,Lv10で進化,＠,＠,＠,＠,＠,＠
期間限定コラボイベントで入手可能,＠,＠,Lv10で進化,＠,＠,＠,＠,＠,＠
期間限定コラボイベントで入手可能,＠,＠,Lv10で進化,＠,＠,＠,＠,＠,＠
期間限定コラボイベントで入手可能,＠,＠,Lv10で進化,＠,＠,＠,＠,＠,＠
期間限定コラボイベントで入手可能,＠,＠,Lv10で進化,＠,＠,＠,＠,＠,＠
期間限定コラボイベントで入手可能,＠,＠,Lv10で進化,＠,＠,＠,＠,＠,＠
期間限定コラボイベントで入手可能,＠,＠,Lv10で進化,＠,＠,＠,＠,＠,＠
期間限定イベントステージ,「破滅への序曲」で入手可能,＠,Lv10で進化,＠,＠,＠,＠,＠,＠
期間限定コラボイベントで入手可能,＠,＠,Lv10で進化,＠,＠,＠,＠,＠,＠
期間限定コラボイベントで入手可能,＠,＠,Lv10で進化,＠,＠,＠,＠,＠,＠
期間限定レアガチャイベント,「クリスマスギャルズ」で入手可能,＠,Lv10で進化,＠,＠,＠,＠,＠,＠
レアガチャイベント,「超ネコ祭」で入手可能,＠,Lv10で進化,＠,＠,＠,＠,＠,＠
「？？？」で入手可能,＠,＠,Lv10で進化,＠,＠,＠,＠,＠,＠
期間限定レアガチャイベント,「バレンタインギャルズ」で入手可能,＠,Lv10で進化,＠,＠,＠,＠,＠,＠
期間限定レアガチャイベント,「バレンタインギャルズ」で入手可能,＠,Lv10で進化,＠,＠,＠,＠,＠,＠
期間限定レアガチャイベント,「バレンタインギャルズ」で入手可能,＠,Lv10で進化,＠,＠,＠,＠,＠,＠
期間限定コラボイベントで入手可能,＠,＠,Lv10で進化,＠,＠,＠,＠,＠,＠
期間限定コラボイベントで入手可能,＠,＠,Lv10で進化,＠,＠,＠,＠,＠,＠
期間限定コラボイベントで入手可能,＠,＠,Lv10で進化,＠,＠,＠,＠,＠,＠
期間限定コラボイベントで入手可能,＠,＠,Lv10で進化,＠,＠,＠,＠,＠,＠
レアガチャイベント,「革命軍隊アイアンウォーズ」で入手可能,＠,Lv10で進化,＠,＠,＠,＠,＠,＠
期間限定レアガチャイベント,「イースターカーニバル」で入手可能,＠,Lv10で進化,＠,＠,＠,＠,＠,＠
期間限定コラボイベントで入手可能,＠,＠,Lv10で進化,＠,＠,＠,＠,＠,＠
期間限定コラボイベントで入手可能,＠,＠,Lv10で進化,＠,＠,＠,＠,＠,＠
期間限定コラボイベントで入手可能,＠,＠,Lv10で進化,＠,＠,＠,＠,＠,＠
期間限定コラボイベントで入手可能,＠,＠,Lv10で進化,＠,＠,＠,＠,＠,＠
期間限定コラボイベントで入手可能,＠,＠,Lv10で進化,＠,＠,＠,＠,＠,＠
期間限定コラボイベントで入手可能,＠,＠,Lv10で進化,＠,＠,＠,＠,＠,＠
期間限定コラボイベントで入手可能,＠,＠,Lv10で進化,＠,＠,＠,＠,＠,＠
期間限定コラボイベントで入手可能,＠,＠,Lv10で進化,＠,＠,＠,＠,＠,＠
期間限定コラボイベントで入手可能,＠,＠,Lv10で進化,＠,＠,＠,＠,＠,＠
期間限定コラボイベントで入手可能,＠,＠,Lv10で進化,＠,＠,＠,＠,＠,＠
期間限定コラボイベントで入手可能,＠,＠,Lv10で進化,＠,＠,＠,＠,＠,＠
レアガチャイベント,「絶命美少女ギャルズモンスターズ」で入手可能,＠,Lv10で進化,＠,＠,＠,＠,＠,＠
期間限定イベントで入手可能,＠,＠,Lv10で進化,＠,＠,＠,＠,＠,＠
レアガチャイベント,「極ネコ祭」で入手可能,＠,Lv10で進化,＠,＠,＠,＠,＠,＠
期間限定イベントで入手可能,＠,＠,Lv10で進化,＠,＠,合計Lv30到達後,必要数のXP、マタタビを使用で進化,＠,＠
期間限定コラボイベントで入手可能,＠,＠,Lv10で進化,＠,＠,＠,＠,＠,＠
レアガチャイベント,「女王祭」で入手可能,＠,Lv10で進化,＠,＠,＠,＠,＠,＠
「？？？」で入手可能,＠,＠,Lv10で進化,＠,＠,＠,＠,＠,＠
期間限定レアガチャイベント,「サマーガールズ」で入手可能,＠,Lv10で進化,＠,＠,＠,＠,＠,＠
期間限定ガチャイベント,「ねこのなつやすみ」で入手可能,＠,Lv10で進化,＠,＠,＠,＠,＠,＠
期間限定ガチャイベント,「ねこのなつやすみ」で入手可能,＠,Lv10で進化,＠,＠,＠,＠,＠,＠
＠,＠,＠,Lv10で進化,＠,＠,＠,＠,＠,＠
＠,＠,＠,Lv10で進化,＠,＠,＠,＠,＠,＠
＠,＠,＠,Lv10で進化,＠,＠,＠,＠,＠,＠
＠,＠,＠,Lv10で進化,＠,＠,＠,＠,＠,＠
＠,＠,＠,Lv10で進化,＠,＠,＠,＠,＠,＠
