ネコボン屋敷 初級,ネコボン屋敷 中級,ネコボン屋敷 上級,＠,　,　,　,　,　,　,　,　,　,　,　,　,
爆速バトラー 初級,爆速バトラー 中級,爆速バトラー 上級,＠,　,　,　,　,　,　,　,　,　,　,　,　,
おかめ道場 初級,おかめ道場 中級,おかめ道場 上級,＠,　,　,　,　,　,　,　,　,　,　,　,　,
狙撃の名手 初級,狙撃の名手 中級,狙撃の名手 上級,＠,　,　,　,　,　,　,　,　,　,　,　,　,
ネコでもできるもん 初級,ネコでもできるもん 中級,ネコでもできるもん 上級,＠,　,　,　,　,　,　,　,　,　,　,　,　,
経験は蜜の味 初級,経験は蜜の味 中級,経験は蜜の味 上級,＠,　,　,　,　,　,　,　,　,　,　,　,　,
恋のメタカバ 上級,＠,　,　,　,　,　,　,　,　,　,　,　,　,
超メタル降臨 激ムズ,＠,　,　,　,　,　,　,　,　,　,　,　,　,
激アツ！運動会,アンチハロウィン,勝者と敗者,＠,　,　,　,　,　,　,　,　,　,　,　,　,
毎日ごくろうさまです,おはようございます,失礼いたします,おつかれさまです,申し訳ございません,私、もう辞めます。,＠,　,　,　,　,　,　,　,　,　,　,　,　,
クリスマス・イヴ,聖夜に灯るひとつの恋,あったかいシチュー,雪と猫,おじさんがサンタだよ,サンタorサタン!?,異国のサンタも金次第,君にメリークリスマス！,＠,　,　,　,　,　,　,　,　,　,　,　,　,
今年も年賀状ゼロ,モチ太り,大荒れ成人式,初詣という名の口実,初夢が淫夢,お賽銭５円の効果,おモチvsそうじ機,いくつになってもお年玉,＠,　,　,　,　,　,　,　,　,　,　,　,　,
鬼は外、福は内,マメで掴める幸せ,渡る世間。,幸福への近道,魂で契約,招かれざる福,肉食らう悪魔,禍福無門,＠,　,　,　,　,　,　,　,　,　,　,　,　,
雛壇あるある言いたい,年中だしっぱ,おひな様がプラモデル,雛壇芸人の苦悩,一発屋潰し,大御所の防護壁,ワイプ争奪戦,明日も楽しい雛祭,＠,　,　,　,　,　,　,　,　,　,　,　,　,
進撃の赤渦 激ムズ,＠,　,　,　,　,　,　,　,　,　,　,　,　,
進撃の黒渦 激ムズ,＠,　,　,　,　,　,　,　,　,　,　,　,　,
進撃の白渦 激ムズ,＠,　,　,　,　,　,　,　,　,　,　,　,　,
暗黒憑依 超激ムズ,＠,　,　,　,　,　,　,　,　,　,　,　,　,
絶対防壁 超激ムズ,＠,　,　,　,　,　,　,　,　,　,　,　,　,
狂戦士 超激ムズ,＠,　,　,　,　,　,　,　,　,　,　,　,　,
キモフェス 超激ムズ,＠,　,　,　,　,　,　,　,　,　,　,　,　,
ヘッドシェイカー 超激ムズ,＠,　,　,　,　,　,　,　,　,　,　,　,　,
猪鹿鳥 超激ムズ,＠,　,　,　,　,　,　,　,　,　,　,　,　,
お魚地獄 超激ムズ,＠,　,　,　,　,　,　,　,　,　,　,　,　,
哺乳類？ 超激ムズ,＠,　,　,　,　,　,　,　,　,　,　,　,　,
我を忘れた猫 超激ムズ,＠,　,　,　,　,　,　,　,　,　,　,　,　,
新入生に君がいた,瞳で感じる恋心,秒速５センチメンタル,私の恋愛通信簿,愛情の裏返し,慟哭,やっぱ☆DA・I・SU・KI,はじめよう恋の詩,＠,　,　,　,　,　,　,　,　,　,　,　,　,
経験は蜜の味 初級,経験は蜜の味 中級,経験は蜜の味 上級,経験は蜜の味 超上級,経験は蜜の味 激ムズ,経験は蜜の味 超激ムズ,＠,　,　,　,　,　,　,　,　,　,　,　,　,
経験は蜜の味 初級,経験は蜜の味 中級,経験は蜜の味 上級,経験は蜜の味 超上級,経験は蜜の味 激ムズ,経験は蜜の味 超激ムズ,＠,　,　,　,　,　,　,　,　,　,　,　,　,
コイにつかれて,満腹！アヒルぐち,恐怖！既読放置,最高！ネトゲデート,衝撃！ラインブロック,選択！仕事とアタシ,告白！友達に戻ろう,それでも君にコイしてる！,＠,　,　,　,　,　,　,　,　,　,　,　,　,
ウェディング騒動,出席代行の友人,いまどきゴンドラ,社交辞令のブーケトス,新郎側のしつこい下ネタ,間違えた花嫁の名,元カノの祝辞,最終的に誓いません。,＠,　,　,　,　,　,　,　,　,　,　,　,　,
大腸のkomachi Angel,もー夏休み,猫にまつわるエトセトラ,真夏の果汁,何も食えなくて・・・夏,BOY MEATS GIRL,渚のサンドバッグ,シーズン・イン・ザ・ニャン,＠,　,　,　,　,　,　,　,　,　,　,　,　,
父、あの世から帰宅,しかし家族は旅行中,幽霊って壁抜けできないの？,空も飛べると思ってた…,保険金でブランド品,まさかの墓参り代行,仏壇がポスター,もう私はそこにいません,＠,　,　,　,　,　,　,　,　,　,　,　,　,
スペシャル感謝！超激ムズ,＠,　,　,　,　,　,　,　,　,　,　,　,　,
ウルトラ重圧！超激ムズ,＠,　,　,　,　,　,　,　,　,　,　,　,　,
ミラクル日本侵略！超激ムズ,＠,　,　,　,　,　,　,　,　,　,　,　,　,
毎朝ジョギング,現役プロボクサー,老人ホームを５回脱出,懲役300年の執行猶予中,素手で熊殺し,嫁が二十歳,覇気が使える,でも嫁の方が強い,＠,　,　,　,　,　,　,　,　,　,　,　,　,
ケリ技の極み！,＠,　,　,　,　,　,　,　,　,　,　,　,　,
にゃんこ体操第一,練習しすぎ入場行進,宣誓を先生だと思ってた,手汗とフォークダンス,素足だと速い伝説,インチキ玉入れ,騎馬戦で見る本性,全員1位でいいじゃない,＠,　,　,　,　,　,　,　,　,　,　,　,　,
進撃の天渦 激ムズ,＠,　,　,　,　,　,　,　,　,　,　,　,　,
祝！２周年！！,＠,　,　,　,　,　,　,　,　,　,　,　,　,
祝！２周年！！,＠,　,　,　,　,　,　,　,　,　,　,　,　,
祝！２周年！！,＠,　,　,　,　,　,　,　,　,　,　,　,　,
進撃の鉄屑 超激ムズ,＠,　,　,　,　,　,　,　,　,　,　,　,　,
初日の出！,＠,　,　,　,　,　,　,　,　,　,　,　,　,
女優進化への道 超上級,女優進化への道 超激ムズ,＠,　,　,　,　,　,　,　,　,　,　,　,
カンフー進化への道 激ムズ,カンフー進化への道 超激ムズ,＠,　,　,　,　,　,　,　,　,　,　,　,
Mr.進化への道 激ムズ,Mr.進化への道 超激ムズ,＠,　,　,　,　,　,　,　,　,　,　,　,
猫縛り進化への道 激ムズ,猫縛り 進化への道 超激ムズ,＠,　,　,　,　,　,　,　,　,　,　,　,
女王猫進化への道 激ムズ,女王猫進化への道 超激ムズ,＠,　,　,　,　,　,　,　,　,　,　,　,
箱詰め進化への道 激ムズ,箱詰め進化への道 超激ムズ,＠,　,　,　,　,　,　,　,　,　,　,　,
パンツ進化への道 激ムズ,パンツ進化への道  超激ムズ,＠,　,　,　,　,　,　,　,　,　,　,　,
リンリン進化への道 激ムズ,リンリン進化への道 超激ムズ,＠,　,　,　,　,　,　,　,　,　,　,　,
忍者進化への道 超上級,忍者進化への道 超激ムズ,＠,　,　,　,　,　,　,　,　,　,　,　,
ゾンビ進化への道 激ムズ,ゾンビ進化への道 超激ムズ,＠,　,　,　,　,　,　,　,　,　,　,　,
さむらい進化への道 超上級,さむらい進化への道 超激ムズ,＠,　,　,　,　,　,　,　,　,　,　,　,
スモウ進化への道 激ムズ,スモウ進化への道 超激ムズ,＠,　,　,　,　,　,　,　,　,　,　,　,
フィーバー進化への道 激ムズ,フィーバー進化への道 超激ムズ,＠,　,　,　,　,　,　,　,　,　,　,　,
スカート進化への道 超上級,スカート進化への道 超激ムズ,＠,　,　,　,　,　,　,　,　,　,　,　,
経験は極上の味 超激ムズ,＠,　,　,　,　,　,　,　,　,　,　,　,　,
潜入作戦!「CHOCO」,奪還作戦!「OKAESHI」,忘れ去られた愛,＠,　,　,　,　,　,　,　,　,　,　,
東の洞窟,＠,　,　,　,　,　,　,　,　,　,　,　,　,
西の夜道,＠,　,　,　,　,　,　,　,　,　,　,　,　,
南の城,＠,　,　,　,　,　,　,　,　,　,　,　,　,
北の火口,＠,　,　,　,　,　,　,　,　,　,　,　,　,
にゃんこが3Dでとびだす！,なんと友達と対戦！,友達と激アツバトル！,777円で遊び放題！,追加課金無し！,超激レアをゲットせよ！,舞台は日本から世界！,ニンテンドーeショップへ急げ！,＠,　,　,　,　,　,
進撃のブラックホール 超激ムズ,＠,　,　,　,　,　,　,　,　,　,　,　,　,
TWその１,＠,　,　,　,　,　,　,　,　,　,　,　,　,
2000万人のハッピー！,＠,　,　,　,　,　,　,　,　,　,　,　,　,
暴風カーニバル 極ムズ,開眼カーニバル 極ムズ,＠,　,　,　,　,　,　,　,　,　,　,　,
ワンダフル制覇！ 超激ムズ,＠,　,　,　,　,　,　,　,　,　,　,　,　,
ENその１,＠,　,　,　,　,　,　,　,　,　,　,　,　,
10月31日,カボチャちょうちん,コスプレ大行列,トリックオアトリートメント,...ハロウィンって何？,起源は秋の収穫祭,＠,　,　,　,　,　,　,
ネコボン屋敷 超上級,＠,　,　,　,　,　,　,　,　,　,　,　,　,　,　,
爆速バトラー 超上級,＠,　,　,　,　,　,　,　,　,　,　,　,　,　,　,
おかめ道場 超上級,＠,　,　,　,　,　,　,　,　,　,　,　,　,　,　,
狙撃の名手 超上級,＠,　,　,　,　,　,　,　,　,　,　,　,　,　,　,
ネコでもできるもん 超上級,＠,　,　,　,　,　,　,　,　,　,　,　,　,　,　,
絶メタル降臨 極ムズ,＠,　,　,　,　,　,　,　,　,　,　,　,　,
エクセレント軍団！ 超激ムズ,＠,　,　,　,　,　,　,　,　,　,　,　,　,
祝！３周年！！,＠,　,　,　,　,　,　,　,　,　,　,　,　,
サンタが町にやってくる,トナカイ一揆,ムチ打たれた日々,下剋上,戦場のクリスマス,＠,　,　,　,　,　,　,　,
初日の出！,＠,　,　,　,　,　,　,　,　,　,　,　,　,
成人進化への道 激ムズ,成人進化への道 超激ムズ,＠,　,　,　,　,　,　,　,　,　,　,　,
鬼である進化への道 激ムズ,鬼である進化への道 超激ムズ,＠,　,　,　,　,　,　,　,　,　,　,　,
ひなにゃんこ進化への道 激ムズ,ひなにゃんこ進化への道 超激ムズ,＠,　,　,　,　,　,　,　,　,　,　,　,
乙女進化への道 激ムズ,乙女進化への道 超激ムズ,＠,　,　,　,　,　,　,　,　,　,　,　,
マジコイ進化への道 激ムズ,マジコイ進化への道 超激ムズ,＠,　,　,　,　,　,　,　,　,　,　,　,
花嫁進化への道 激ムズ,花嫁進化への道 超激ムズ,＠,　,　,　,　,　,　,　,　,　,　,　,
女王様の休日進化への道 激ムズ,女王様の休日進化への道 超激ムズ,＠,　,　,　,　,　,　,　,　,　,　,　,
うらめしにゃん進化への道 激ムズ,うらめしにゃん進化への道 超激ムズ,＠,　,　,　,　,　,　,　,　,　,　,　,
カンフーG進化への道 激ムズ,カンフーG進化への道 超激ムズ,＠,　,　,　,　,　,　,　,　,　,　,　,
運動会進化への道 激ムズ,運動会進化への道 超激ムズ,＠,　,　,　,　,　,　,　,　,　,　,　,
リーマン進化への道 激ムズ,リーマン進化への道 超激ムズ,＠,　,　,　,　,　,　,　,　,　,　,　,
トナカイ進化への道 激ムズ,トナカイ進化への道 超激ムズ,＠,　,　,　,　,　,　,　,　,　,　,　,
ネコ補完計画 極ムズ,＠,　,　,　,　,　,　,　,　,　,　,　,　,
進撃の暴風渦 超激ムズ,＠,　,　,　,　,　,　,　,　,　,　,　,　,
翠の誘惑 上級,翠の誘惑 激ムズ,翠の誘惑 超激ムズ,＠,　,　,　,　,　,　,　,　,　,　,
紫電一閃 上級,紫電一閃 激ムズ,紫電一閃 超激ムズ,＠,　,　,　,　,　,　,　,　,　,　,
紅の情熱 上級,紅の情熱 激ムズ,紅の情熱 超激ムズ,＠,　,　,　,　,　,　,　,　,　,　,
蒼の幻惑 上級,蒼の幻惑 激ムズ,蒼の幻惑 超激ムズ,＠,　,　,　,　,　,　,　,　,　,　,
怪光の煌めき 上級,怪光の煌めき 激ムズ,怪光の煌めき 超激ムズ,＠,　,　,　,　,　,　,　,　,　,　,
デスモヒカン 極ムズ,＠,　,　,　,　,　,　,　,　,　,　,　,　,
護謨要塞 極ムズ,＠,　,　,　,　,　,　,　,　,　,　,　,　,
最凶戦士 極ムズ,＠,　,　,　,　,　,　,　,　,　,　,　,　,
ムキフェス 極ムズ,＠,　,　,　,　,　,　,　,　,　,　,　,　,
獅子累々 極ムズ,＠,　,　,　,　,　,　,　,　,　,　,　,　,
蝶！猪鹿鳥 極ムズ,＠,　,　,　,　,　,　,　,　,　,　,　,　,
鬼ヶ島ＤＸ 極ムズ,＠,　,　,　,　,　,　,　,　,　,　,　,　,
狂竜？ 極ムズ,＠,　,　,　,　,　,　,　,　,　,　,　,　,
ネコハザード 極ムズ,＠,　,　,　,　,　,　,　,　,　,　,　,　,
深紅の悲劇 超激ムズ,＠,　,　,　,　,　,　,　,　,　,　,　,　,
厄災飛来 超激ムズ,＠,　,　,　,　,　,　,　,　,　,　,　,　,
みやこめっせで開催！,＠,　,　,　,　,　,　,　,　,　,　,　,　,
機々械々 超激ムズ,＠,　,　,　,　,　,　,　,　,　,　,　,　,
ほめろ！彼女の浴衣,不動の射的景品,超硬質りんごアメ,やぶ蚊との死闘,降りかかる火の粉,君がいた夏祭り,＠,　,　,　,　,　,　,　,
差出人不明,＠,　,　,　,　,　,　,　,　,　,　,　,　,
修羅の道 極ムズ,＠,　,　,　,　,　,　,　,　,　,　,　,　,
翠の誘惑 上級,翠の誘惑 激ムズ,翠の誘惑 超激ムズ,＠,　,　,　,　,　,　,　,　,　,　,
ハニートラップ 極ムズ,＠,　,　,　,　,　,　,　,　,　,　,　,　,
暴風カーニバル2 極ムズ,開眼カーニバル2 極ムズ,＠,　,　,　,　,　,　,　,　,　,　,　,
タコなしタコ焼き,粉物屋と揚げ物屋,焦げても売り物,もちろん産地偽装,ピンチ！おつりが無い,なぜ！完売赤字,＠,　,　,　,　,　,　,　,
輪廻の業渦 超激ムズ,＠,　,　,　,　,　,　,　,　,　,　,　,　,
祝！４周年！！,＠,　,　,　,　,　,　,　,　,　,　,　,　,
経験は超極上の味 極ムズ,＠,　,　,　,　,　,　,　,　,　,　,　,　,
白い変人達,White Dove,なぐり雪,ロマンスの仏様,ゲレンデがとけるほど恋死体,＠,　,　,　,　,　,　,　,　,
初日の出！,＠,　,　,　,　,　,　,　,　,　,　,　,　,
蘇る野生の血,血に染まった爪,222事件,＠,　,　,　,　,　,　,　,　,　,　,
死者の行進 極ムズ,＠,　,　,　,　,　,　,　,　,　,　,　,　,
復活祭,イースターバニー,孤島のエッグハント,先住民,超古代文明,コハウロンゴロンゴ,＠,　,　,　,　,　,　,　,
ちびネコ進化への道 極ムズ,＠,　,　,　,　,　,　,　,　,　,　,　,　,
ちびタンクネコ進化への道 極ムズ,＠,　,　,　,　,　,　,　,　,　,　,　,　,
ちびバトルネコ進化への道 極ムズ,＠,　,　,　,　,　,　,　,　,　,　,　,　,
ちびキモネコ進化への道 極ムズ,＠,　,　,　,　,　,　,　,　,　,　,　,　,
ちびウシネコ進化への道 極ムズ,＠,　,　,　,　,　,　,　,　,　,　,　,　,
ちびネコノトリ進化への道 極ムズ,＠,　,　,　,　,　,　,　,　,　,　,　,　,
ちびネコフィッシュ進化への道 極ムズ,＠,　,　,　,　,　,　,　,　,　,　,　,　,
ちびネコトカゲ進化への道 極ムズ,＠,　,　,　,　,　,　,　,　,　,　,　,　,
ちび巨神ネコ進化への道 極ムズ,＠,　,　,　,　,　,　,　,　,　,　,　,　,
139_その１,＠,　,　,　,　,　,　,　,　,　,　,　,　,
待ち焦がれた連休,ネバーエンディング渋滞,旅行会社倒産,やっぱり家が一番,発症！５月病,＠,　,　,　,　,　,　,　,　,
みやこめっせで開催！,＠,　,　,　,　,　,　,　,　,　,　,　,　,
雨天決行大レース！,ビニール傘争奪カップ,雨ときどき雨ステークス,スケスケパラダイス杯,なめなめスタリオン記念,＠,　,　,　,　,　,　,　,　,
カート進化への道 激ムズ,カート進化への道 超激ムズ,＠,　,　,　,　,　,　,　,　,　,　,　,
144_その１,＠,　,　,　,　,　,　,　,　,　,　,　,　,
3000万人のハッピー！,＠,　,　,　,　,　,　,　,　,　,　,　,　,
グレイト爆進！ 超激ムズ,＠,　,　,　,　,　,　,　,　,　,　,　,　,
147_その１,＠,　,　,　,　,　,　,　,　,　,　,　,　,
ネコフラワー進化への道 初級,＠,　,　,　,　,　,　,　,　,　,　,　,　,
学童のすゝめ,I am a cat.,c2 ＝ a2 ＋ b2,墾田永年私財法,Ｎ2＋３Ｈ2→２ＮＨ3,＠,　,　,　,　,　,　,　,　,
隕石墜落跡地 中級,隕石墜落跡地 超上級,隕石墜落跡地 超激ムズ,＠,　,　,　,　,　,　,　,　,　,　,
焼けた森 中級,焼けた森 超上級,焼けた森 超激ムズ,＠,　,　,　,　,　,　,　,　,　,　,
古代文明の遺跡 中級,古代文明の遺跡 超上級,古代文明の遺跡 超激ムズ,＠,　,　,　,　,　,　,　,　,　,　,
153_その１,＠,　,　,　,　,　,　,　,　,　,　,　,　,
二位だっていいじゃない,結婚25周年,はるかな道,＠,　,　,　,　,　,　,　,　,　,　,
経験は至高の味 超極ムズ,＠,　,　,　,　,　,　,　,　,　,　,　,　,
祝！５周年！！,＠,　,　,　,　,　,　,　,　,　,　,　,　,
進撃のワープホール 極ムズ,＠,　,　,　,　,　,　,　,　,　,　,　,　,
N-1グランプリ 極ムズ,＠,　,　,　,　,　,　,　,　,　,　,　,　,
初日の出！,＠,　,　,　,　,　,　,　,　,　,　,　,　,
ロケラン鉛筆,予備校鬼軍曹,一問一答マシンガン,母ちゃん衛生兵の奮闘,にゃんこ大戦争は息抜き,＠,　,　,　,　,　,　,　,　,
in JAPAN,in LONDON,in NEWYORK,＠,　,　,　,　,　,　,　,　,　,　,
古代の神秘 極ムズ,＠,　,　,　,　,　,　,　,　,　,　,　,　,
みやこめっせで開催！,＠,　,　,　,　,　,　,　,　,　,　,　,　,
雨天決行大レース！,ビニール傘争奪カップ,雨ときどき雨ステークス,スケスケパラダイス杯,なめなめスタリオン記念,＠,
現れた元カレ,今カレの焦り,親族の場外乱闘,ダブルプロポーズ,私を異星に連れてって,＠,
小便時代,猫の日の1993,サマータイムブルースリー,夏のジョーさん,YOUNG NYAN,＠,
父、あの世へ帰宅,三途の川で三日待ち,フェリー乗船率300％,家族はまだ旅行中,来年も会いに行きます,＠,
徹夜でゲートボール,深夜徘徊で日本一周,隠し子が25人,2年前に大魔王を封印,でも嫁のほうがやっぱり強い,＠,
進撃の赤渦 超激ムズ,絶撃の赤渦 極ムズ,＠,
墓場からの招待状,２人０脚,お供え物食い競争,坊主倒し,朝が来たからまた明日,＠,
プレミアムフライデー,超高度プロフェッショナル,ハイパーコアタイム,アンリミテッド育児休暇,徹夜で働き方改革,＠,
進撃の黒渦 超激ムズ,絶撃の黒渦 極ムズ,＠,
本気メタル降臨 極ムズ,＠,
タコなしタコ焼き,粉物屋と揚げ物屋,焦げても売り物,もちろん産地偽装,ピンチ！おつりが無い,なぜ！完売赤字,＠,　,　,　,　,　,　,　,
おじさんがサタンだよ,ジングルヘル,聖夜に降る隕石,プレゼントハンター,メリークリスマスユニバース！,＠,
進撃の白渦 超激ムズ,絶撃の白渦 極ムズ,＠,
バクダン娘 極ムズ,＠,
東の砂漠,＠,
西の荒野,＠,
南の山脈,＠,
北の廃墟,＠,
プレゼント贈呈！ 超激ムズ,＠,
祝！６周年！！,＠,
終わらない大掃除,知らない親戚,お年玉でレアガチャ,カタログと違うおせち,全員アウト～,＠,
進撃の天渦 超激ムズ,絶撃の天渦 極ムズ,＠,
幸せを丸かぶり,家族たちの沈黙,Eat Happy Osushi,幸福の賞味期限,転禍為福,＠,
進撃の鉄屑 極ムズ,絶撃の鉄屑 極ムズ,＠,
初日の出！,＠,
原始の古渦 超極ムズ,＠,
暴風カーニバル3 極ムズ,開眼カーニバル3 極ムズ,＠,
4000万人のハッピー！,＠,
雛壇あるあるもっと言いたい,明かりをつけましょ爆弾に～,１ボケ総ツッコミ,若手芸人VS雛壇芸人,まだまだ続くよ！雛祭り！,＠,
進撃のブラックホール 極ムズ,絶撃のブラックホール 極ムズ,＠,
人事異動の女教師,プレパラートに映るキミ,あぶない方程式,恋のリトマス試験紙,キミとボクとの光合成,＠,
進撃の暴風渦 極ムズ,絶撃の暴風渦 超極ムズ,＠,
新約・ネコ補完計画 極ムズ,世界の中心でアイを叫んだネコ 超極ムズ,＠,
コイの胸騒ぎ,登録！マッチングアプリ,新鮮！お見合いデート,全力！結婚相談所,最期の時までコイしたい！,＠,
進撃の業渦 極ムズ,絶撃の業渦 超極ムズ,＠,
阿・修羅の道 極ムズ,羅刹街道 超極ムズ,＠,
にゃんコーラ味,＠,
ハニートリップ 極ムズ,ロイヤルゼリーヘル 超極ムズ,＠,
みやこめっせで開催！,＠,
進撃のワープホール 超極ムズ,絶撃のワープホール 超極ムズ,＠,
差出人不明,＠,
屍者の大行軍 超極ムズ,デス・マーチ 超極ムズ,＠,
ふたりで遊べる大戦争！,息を合わせて超にゃんこ砲！,登場にゃんこは350以上！,999円で遊び放題！,レジェンドストーリーも登場！,オマケにミニゲームも遊べる！,ニンテンドーeショップへGO！,でも一番面白いのはアプリ版！,＠,
N-1グランプリ決勝 超極ムズ,キングオブワンコ 超極ムズ,＠,
狂喜乱舞 極ムズ,狂喜乱舞 超極ムズ,＠,
CAT DAY,＠,
先鋒 初級,中堅 初級,大将 初級,＠,
先鋒 中級,中堅 中級,大将 上級,＠,
先鋒 上級,中堅 上級,大将 超上級,＠,
先鋒 超上級,中堅 激ムズ,大将 超激ムズ,＠,
バクスイ娘 極ムズ,夢堕ち 超極ムズ,＠,
リバーピッグプラネット 超極ムズ,＠,
祝！７周年！！,＠,
獄楽浄土 超極ムズ,＠,
差出人不明,＠,
聖おねえさん 超極ムズ,＠,
I'll Bee Bug 超極ムズ,＠,
初日の出！,＠,
極彩色の真実 極ムズ,＠,
意外な5位,よく見る4位,定番の3位,だめなんですか2位,まさかの1位,出番なし,＠,
224-00,＠,
225-00,＠,
河の流れのように 超極ムズ,＠,
先鋒 超激ムズ,中堅 極ムズ,大将 極ムズ,＠,
5000万人のハッピー！,＠
WANLAND 超極ムズ,＠
7周年GWスペシャル!!,＠
最後の死者 超極ムズ,＠
ベビーフェイク 超極ムズ,＠
コンパス塚 極ムズ,アトラス遺跡 極ムズ,メルカトル神殿 超極ムズ,＠
春の祭典 序位 超上級,春の祭典 中位 激ムズ,春の祭典 上位 超激ムズ,春の祭典 最上位 極ムズ,春の祭典 王位 極ムズ,＠
夏の祭典 序位 激ムズ,夏の祭典 中位 超激ムズ,夏の祭典 上位 極ムズ,夏の祭典 最上位 極ムズ,夏の祭典 王位 超極ムズ,＠
秋の祭典 序位 超激ムズ,秋の祭典 中位 極ムズ,秋の祭典 上位 極ムズ,秋の祭典 最上位 超極ムズ,秋の祭典 王位 超極ムズ,＠
冬の祭典 序位 極ムズ,冬の祭典 中位 極ムズ,冬の祭典 上位 超極ムズ,冬の祭典 最上位 超極ムズ,冬の祭典 王位 超極ムズ,＠
準々決勝 初級,準決勝 初級,決勝 初級,＠
準々決勝 中級,準決勝 上級,決勝 超上級,＠
準々決勝 超上級,準決勝 超上級,決勝 激ムズ,＠
準々決勝 激ムズ,準決勝 超激ムズ,決勝 極ムズ,＠
準々決勝 極ムズ,準決勝 極ムズ,決勝 極ムズ,＠
河の流れに身をまかせ 超極ムズ,水辺環凶保全運動 超極ムズ,＠
祝！８周年！！,＠
おめでとう5位,まあ分かる4位,なんだかんだ3位,意外な2位,みんなで1位,出番なし,＠
魔王憑依 超極ムズ,＠
始祖の古渦 超極ムズ,絶滅の古渦 超極ムズ,＠
先鋒 極ムズ,中堅 極ムズ,大将 超極ムズ,＠
バニラ味 1枚目,バニラ味 2枚目,バニラ味 3枚目,バニラ味 4枚目,バニラ味 ラスト,＠
一の修練 初級,一の修練 激ムズ,一の修練 極ムズ,＠
ネコ補完計画 極ムズ,＠
ハニートラップ 極ムズ,＠
N-1グランプリ 極ムズ,＠
6000万人のハッピー！,＠
禁断の書庫,超自然平原,儀式の燃え跡,異界草原,＠
次元の裂け目,禍々しき群青の城,禁忌の僻地,異界砂漠,＠
悪魔の巣,邪悪なネコ,＠
悪魔の巣,デモンズウォール,＠
進撃の魔渦 極ムズ,＠