警戒 Lv.1,警戒 Lv.2,警戒 Lv.3,警戒 Lv.4,警戒Lv.5,警戒 Lv.6,警戒 Lv.7,警戒 Lv.8,警戒 Lv.9,警戒 Lv.10,警戒 Lv.11,警戒 Lv.12,警戒 Lv.13,警戒 Lv.14,警戒 Lv.15,警戒 Lv.16,警戒 Lv.17,警戒 Lv.18,警戒 Lv.19,警戒 Lv.20,＠
警戒 Lv.21,警戒 Lv.22,警戒 Lv.23,警戒 Lv.24,警戒 Lv.25,警戒 Lv.26,警戒 Lv.27,警戒 Lv.28,警戒 Lv.29,警戒 Lv.30,警戒 Lv.31,警戒 Lv.32,警戒 Lv.33,警戒 Lv.34,警戒 Lv.35,警戒 Lv.36,警戒 Lv.37,警戒 Lv.38,警戒 Lv.39,警戒 Lv.40,＠
警戒 Lv.41,警戒 Lv.42,警戒 Lv.43,警戒 Lv.44,警戒 Lv.45,警戒 Lv.46,警戒 Lv.47,警戒 Lv.48,警戒 Lv.49,警戒 Lv.50,警戒 Lv.51,警戒 Lv.52,警戒 Lv.53,警戒 Lv.54,警戒 Lv.55,警戒 Lv.56,警戒 Lv.57,警戒 Lv.58,警戒 Lv.59,警戒 Lv.60,＠
暴走 Lv.1,暴走 Lv.2,暴走 Lv.3,暴走 Lv.4,暴走 Lv.5,暴走 Lv.6,暴走 Lv.7,暴走 Lv.8,暴走 Lv.9,暴走 Lv.10,暴走 Lv.11,暴走 Lv.12,暴走 Lv.13,暴走 Lv.14,暴走 Lv.15,暴走 Lv.16,暴走 Lv.17,暴走 Lv.18,暴走 Lv.19,暴走 Lv.20,＠
暴走 Lv.21,暴走 Lv.22,暴走 Lv.23,暴走 Lv.24,暴走 Lv.25,暴走 Lv.26,暴走 Lv.27,暴走 Lv.28,暴走 Lv.29,暴走 Lv.30,暴走 Lv.31,暴走 Lv.32,暴走 Lv.33,暴走 Lv.34,暴走 Lv.35,暴走 Lv.36,暴走 Lv.37,暴走 Lv.38,暴走 Lv.39,暴走 Lv.40,＠
暴走 Lv.41,暴走 Lv.42,暴走 Lv.43,暴走 Lv.44,暴走 Lv.45,暴走 Lv.46,暴走 Lv.47,暴走 Lv.48,暴走 Lv.49,暴走 Lv.50,暴走 Lv.51,暴走 Lv.52,暴走 Lv.53,暴走 Lv.54,暴走 Lv.55,暴走 Lv.56,暴走 Lv.57,暴走 Lv.58,暴走 Lv.59,暴走 Lv.60,＠
飛来 Lv.1,飛来 Lv.2,飛来 Lv.3,飛来 Lv.4,飛来 Lv.5,飛来 Lv.6,飛来 Lv.7,飛来 Lv.8,飛来 Lv.9,飛来 Lv.10,飛来 Lv.11,飛来 Lv.12,飛来 Lv.13,飛来 Lv.14,飛来 Lv.15,飛来 Lv.16,飛来 Lv.17,飛来 Lv.18,飛来 Lv.19,飛来 Lv.20,＠
飛来 Lv.21,飛来 Lv.22,飛来 Lv.23,飛来 Lv.24,飛来 Lv.25,飛来 Lv.26,飛来 Lv.27,飛来 Lv.28,飛来 Lv.29,飛来 Lv.30,飛来 Lv.31,飛来 Lv.32,飛来 Lv.33,飛来 Lv.34,飛来 Lv.35,飛来 Lv.36,飛来 Lv.37,飛来 Lv.38,飛来 Lv.39,飛来 Lv.40,＠
飛来 Lv.41,飛来 Lv.42,飛来 Lv.43,飛来 Lv.44,飛来 Lv.45,飛来 Lv.46,飛来 Lv.47,飛来 Lv.48,飛来 Lv.49,飛来 Lv.50,飛来 Lv.51,飛来 Lv.52,飛来 Lv.53,飛来 Lv.54,飛来 Lv.55,飛来 Lv.56,飛来 Lv.57,飛来 Lv.58,飛来 Lv.59,飛来 Lv.60,＠
侵略 Lv.1,侵略 Lv.2,侵略 Lv.3,侵略 Lv.4,侵略 Lv.5,侵略 Lv.6,侵略 Lv.7,侵略 Lv.8,侵略 Lv.9,侵略 Lv.10,侵略 Lv.11,侵略 Lv.12,侵略 Lv.13,侵略 Lv.14,侵略 Lv.15,侵略 Lv.16,侵略 Lv.17,侵略 Lv.18,侵略 Lv.19,侵略 Lv.20,＠
侵略 Lv.21,侵略 Lv.22,侵略 Lv.23,侵略 Lv.24,侵略 Lv.25,侵略 Lv.26,侵略 Lv.27,侵略 Lv.28,侵略 Lv.29,侵略 Lv.30,侵略 Lv.31,侵略 Lv.32,侵略 Lv.33,侵略 Lv.34,侵略 Lv.35,侵略 Lv.36,侵略 Lv.37,侵略 Lv.38,侵略 Lv.39,侵略 Lv.40,＠
侵略 Lv.41,侵略 Lv.42,侵略 Lv.43,侵略 Lv.44,侵略 Lv.45,侵略 Lv.46,侵略 Lv.47,侵略 Lv.48,侵略 Lv.49,侵略 Lv.50,侵略 Lv.51,侵略 Lv.52,侵略 Lv.53,侵略 Lv.54,侵略 Lv.55,侵略 Lv.56,侵略 Lv.57,侵略 Lv.58,侵略 Lv.59,侵略 Lv.60,＠
丑年 Lv.1,丑年 Lv.2,丑年 Lv.3,丑年 Lv.4,丑年 Lv.5,丑年 Lv.6,丑年 Lv.7,丑年 Lv.8,丑年 Lv.9,丑年 Lv.10,＠
カカオ Lv.1,カカオ Lv.2,カカオ Lv.3,カカオ Lv.4,カカオ Lv.5,カカオ Lv.6,カカオ Lv.7,カカオ Lv.8,カカオ Lv.9,カカオ Lv.10,カカオ Lv.11,カカオ Lv.12,カカオ Lv.13,カカオ Lv.14,カカオ Lv.15,カカオ Lv.16,カカオ Lv.17,カカオ Lv.18,カカオ Lv.19,カカオ Lv.20,＠
エッグ Lv.1,エッグ Lv.2,エッグ Lv.3,エッグ Lv.4,エッグ Lv.5,エッグ Lv.6,エッグ Lv.7,エッグ Lv.8,エッグ Lv.9,エッグ Lv.10,エッグ Lv.11,エッグ Lv.12,エッグ Lv.13,エッグ Lv.14,エッグ Lv.15,エッグ Lv.16,エッグ Lv.17,エッグ Lv.18,エッグ Lv.19,エッグ Lv.20,＠
禁断 Lv.1,禁断 Lv.2,禁断 Lv.3,禁断 Lv.4,禁断 Lv.5,禁断 Lv.6,禁断 Lv.7,禁断 Lv.8,禁断 Lv.9,禁断 Lv.10,＠
続・禁断 Lv.11,続・禁断 Lv.12,続・禁断 Lv.13,続・禁断 Lv.14,続・禁断 Lv.15,続・禁断 Lv.16,続・禁断 Lv.17,続・禁断 Lv.18,続・禁断 Lv.19,続・禁断 Lv.MAX,＠
だって夏 Lv.1,だって夏 Lv.2,だって夏 Lv.3,だって夏 Lv.4,だって夏 Lv.5,だって夏 Lv.6,だって夏 Lv.7,だって夏 Lv.8,だって夏 Lv.9,だって夏 Lv.10,＠
だって超夏 Lv.11,だって超夏 Lv.12,だって超夏 Lv.13,だって超夏 Lv.14,だって超夏 Lv.15,だって超夏 Lv.16,だって超夏 Lv.17,だって超夏 Lv.18,だって超夏 Lv.19,だって超夏 Lv.MAX,＠
夏休みのはじまり,ひぐらしの合唱,夜にあふれる光,樹上のひみつ基地,夕飯を告げる声,防虫剤の匂いの浴衣,今日だけは夜ふかし,虫取り網を握って,海底に光るお宝,蚊取り線香のけむり,校庭で盆踊り,ふしぎなお姉さん,日焼けしたタケシ君,遠くに聞こえる祭囃子,肝試しで消えた友達,起きたら昼だった,発見！ヒミツの入り江,かすかな秋の気配,この夏最後の花火,終わらない宿題,＠
警戒 Lv.1,警戒 Lv.2,警戒 Lv.3,警戒 Lv.4,警戒 Lv.5,警戒 Lv.6,警戒 Lv.7,警戒 Lv.8,警戒 Lv.9,警戒 Lv.10,警戒 Lv.11,警戒 Lv.12,警戒 Lv.13,警戒 Lv.14,警戒 Lv.15,警戒 Lv.16,警戒 Lv.17,警戒 Lv.18,警戒 Lv.19,警戒 Lv.MAX,＠
帰省 Lv.1,帰省 Lv.2,帰省 Lv.3,帰省 Lv.4,帰省 Lv.5,帰省 Lv.6,帰省 Lv.7,帰省 Lv.8,帰省 Lv.9,帰省 Lv.10,＠
Uターン Lv.11,Uターン Lv.12,Uターン Lv.13,Uターン Lv.14,Uターン Lv.15,Uターン Lv.16,Uターン Lv.17,Uターン Lv.18,Uターン Lv.19,Uターン Lv.MAX,＠
老神 Lv.1,老神 Lv.2,老神 Lv.3,老神 Lv.4,老神 Lv.5,老神 Lv.6,老神 Lv.7,老神 Lv.8,老神 Lv.9,老神 Lv.10,＠
Revengers Lv.11,Revengers Lv.12,Revengers Lv.13,Revengers Lv.14,Revengers Lv.15,Revengers Lv.16,Revengers Lv.17,Revengers Lv.18,Revengers Lv.19,Revengers Lv.MAX,＠